predicted champion share,champion share,Team,Season,Team/Season
0.809450978,1,Connecticut,2004,Connecticut 2004
0.438800032,0.833333333,Georgia Tech,2004,Georgia Tech 2004
0.633746898,0.666666667,Duke,2004,Duke 2004
0.576870044,0.666666667,Oklahoma State,2004,Oklahoma State 2004
0.464107031,0.5,Saint Joseph's,2004,Saint Joseph's 2004
0.710899556,0.5,Kansas,2004,Kansas 2004
0.098180539,0.5,Xavier,2004,Xavier 2004
0.172154223,0.5,Alabama,2004,Alabama 2004
0.586010547,0.333333333,Pittsburgh,2004,Pittsburgh 2004
0.658057133,0.333333333,Texas,2004,Texas 2004
0.393208617,0.333333333,Wake Forest,2004,Wake Forest 2004
0.303277243,0.333333333,Illinois,2004,Illinois 2004
0.523103835,0.333333333,Syracuse,2004,Syracuse 2004
0.113728489,0.333333333,Vanderbilt,2004,Vanderbilt 2004
0.148649139,0.333333333,UAB,2004,UAB 2004
0.223286187,0.333333333,Nevada,2004,Nevada 2004
0.65168257,0.166666667,Stanford,2004,Stanford 2004
0.552455529,0.166666667,Kentucky,2004,Kentucky 2004
0.660635164,0.166666667,Gonzaga,2004,Gonzaga 2004
0.312662187,0.166666667,Mississippi State,2004,Mississippi State 2004
0.211413803,0.166666667,NC State,2004,NC State 2004
0.338551737,0.166666667,Cincinnati,2004,Cincinnati 2004
0.301053508,0.166666667,Maryland,2004,Maryland 2004
0.461588823,0.166666667,Wisconsin,2004,Wisconsin 2004
0.193466697,0.166666667,Boston College,2004,Boston College 2004
0.597916198,0.166666667,North Carolina,2004,North Carolina 2004
0.129223524,0.166666667,Memphis,2004,Memphis 2004
0.206973184,0.166666667,DePaul,2004,DePaul 2004
0.193240311,0.166666667,Seton Hall,2004,Seton Hall 2004
0.400710569,0.166666667,Texas Tech,2004,Texas Tech 2004
0.094190449,0.166666667,Pacific,2004,Pacific 2004
0.241511403,0.166666667,Manhattan,2004,Manhattan 2004
0.40952784,0,Providence,2004,Providence 2004
0.27178405,0,Florida,2004,Florida 2004
0.562829926,0,Michigan State,2004,Michigan State 2004
0.048203006,0,Washington,2004,Washington 2004
0.207237474,0,Southern Illinois,2004,Southern Illinois 2004
-0.075182763,0,Charlotte,2004,Charlotte 2004
0.759879531,0,Arizona,2004,Arizona 2004
0.095076709,0,Dayton,2004,Dayton 2004
0.097428541,0,Louisville,2004,Louisville 2004
0.054360778,0,South Carolina,2004,South Carolina 2004
0.020127623,0,Air Force,2004,Air Force 2004
0.141904569,0,Western Michigan,2004,Western Michigan 2004
0.254509125,0,Utah,2004,Utah 2004
0.117269211,0,Richmond,2004,Richmond 2004
0.220439923,0,Murray State,2004,Murray State 2004
0.128205875,0,Brigham Young,2004,Brigham Young 2004
0.226240501,0,East Tennessee State,2004,East Tennessee State 2004
0.040810102,0,VCU,2004,VCU 2004
0.104760665,0,Illinois-Chicago,2004,Illinois-Chicago 2004
0.245713009,0,UTEP,2004,UTEP 2004
0.075168017,0,Princeton,2004,Princeton 2004
0.066917002,0,UCF,2004,UCF 2004
0.113366684,0,Louisiana,2004,Louisiana 2004
0.137950224,0,Northern Iowa,2004,Northern Iowa 2004
0.079414499,0,Vermont,2004,Vermont 2004
0.049975132,0,Eastern Washington,2004,Eastern Washington 2004
0.026260673,0,Valparaiso,2004,Valparaiso 2004
0.03140642,0,Monmouth,2004,Monmouth 2004
-0.066892559,0,Liberty,2004,Liberty 2004
-0.045867645,0,Texas-San Antonio,2004,Texas-San Antonio 2004
-0.063251632,0,Alabama State,2004,Alabama State 2004
-0.066748923,0,Florida A&M,2004,Florida A&M 2004
0.541934825,1,North Carolina,2005,North Carolina 2005
0.51233803,0.833333333,Illinois,2005,Illinois 2005
0.370484671,0.666666667,Louisville,2005,Louisville 2005
0.148774398,0.666666667,Michigan State,2005,Michigan State 2005
0.328983661,0.5,Kentucky,2005,Kentucky 2005
0.211051626,0.5,Arizona,2005,Arizona 2005
0.201686828,0.5,Wisconsin,2005,Wisconsin 2005
0.190122825,0.5,West Virginia,2005,West Virginia 2005
0.361097208,0.333333333,Washington,2005,Washington 2005
0.612518653,0.333333333,Duke,2005,Duke 2005
0.553396682,0.333333333,Oklahoma State,2005,Oklahoma State 2005
0.310707239,0.333333333,Villanova,2005,Villanova 2005
0.157092676,0.333333333,Utah,2005,Utah 2005
0.262860415,0.333333333,Texas Tech,2005,Texas Tech 2005
0.327679938,0.333333333,NC State,2005,NC State 2005
0.043405925,0.333333333,Milwaukee,2005,Milwaukee 2005
0.55548552,0.166666667,Wake Forest,2005,Wake Forest 2005
0.535238867,0.166666667,Connecticut,2005,Connecticut 2005
0.294887249,0.166666667,Gonzaga,2005,Gonzaga 2005
0.32911547,0.166666667,Oklahoma,2005,Oklahoma 2005
0.305510823,0.166666667,Boston College,2005,Boston College 2005
0.357668489,0.166666667,Florida,2005,Florida 2005
0.229961573,0.166666667,Georgia Tech,2005,Georgia Tech 2005
0.053809322,0.166666667,Southern Illinois,2005,Southern Illinois 2005
0.181449903,0.166666667,Cincinnati,2005,Cincinnati 2005
0.118505794,0.166666667,Pacific,2005,Pacific 2005
0.013447004,0.166666667,Nevada,2005,Nevada 2005
0.189854252,0.166666667,Iowa State,2005,Iowa State 2005
0.071933324,0.166666667,Mississippi State,2005,Mississippi State 2005
0.145893488,0.166666667,UAB,2005,UAB 2005
0.114798557,0.166666667,Vermont,2005,Vermont 2005
0.043458303,0.166666667,Bucknell,2005,Bucknell 2005
0.352169839,0,Kansas,2005,Kansas 2005
0.513667232,0,Syracuse,2005,Syracuse 2005
0.205668736,0,Alabama,2005,Alabama 2005
0.221058731,0,LSU,2005,LSU 2005
0.173905009,0,Charlotte,2005,Charlotte 2005
0.163760241,0,Minnesota,2005,Minnesota 2005
0.158135634,0,Stanford,2005,Stanford 2005
0.200160628,0,Texas,2005,Texas 2005
0.268738812,0,Pittsburgh,2005,Pittsburgh 2005
0.071852644,0,Saint Mary's,2005,Saint Mary's 2005
0.182072471,0,Creighton,2005,Creighton 2005
0.208096484,0,Iowa,2005,Iowa 2005
0.083493472,0,UTEP,2005,UTEP 2005
0.17727204,0,Northern Iowa,2005,Northern Iowa 2005
0.036336061,0,UCLA,2005,UCLA 2005
0.061001817,0,Old Dominion,2005,Old Dominion 2005
0.029601473,0,New Mexico,2005,New Mexico 2005
0.171212884,0,George Washington,2005,George Washington 2005
-0.019634441,0,Pennsylvania,2005,Pennsylvania 2005
0.025667821,0,Louisiana,2005,Louisiana 2005
0.095920862,0,Ohio,2005,Ohio 2005
0.060450981,0,Winthrop,2005,Winthrop 2005
0.136442767,0,Utah State,2005,Utah State 2005
0.172918034,0,Niagara,2005,Niagara 2005
0.137106911,0,Southeastern Louisiana,2005,Southeastern Louisiana 2005
0.022454474,0,Eastern Kentucky,2005,Eastern Kentucky 2005
-0.000830529,0,UCF,2005,UCF 2005
-0.043876267,0,Chattanooga,2005,Chattanooga 2005
0.098532782,0,Delaware State,2005,Delaware State 2005
0.064380854,0,Fairleigh Dickinson,2005,Fairleigh Dickinson 2005
-0.014797579,0,Montana,2005,Montana 2005
0.063667849,0,Oakland,2005,Oakland 2005
0.443058346,1,Florida,2006,Florida 2006
0.235024182,0.833333333,UCLA,2006,UCLA 2006
0.302310344,0.666666667,LSU,2006,LSU 2006
0.112826168,0.666666667,George Mason,2006,George Mason 2006
0.41440007,0.5,Memphis,2006,Memphis 2006
0.659546698,0.5,Connecticut,2006,Connecticut 2006
0.493457184,0.5,Villanova,2006,Villanova 2006
0.447610052,0.5,Texas,2006,Texas 2006
0.330460669,0.333333333,Duke,2006,Duke 2006
0.180181727,0.333333333,Gonzaga,2006,Gonzaga 2006
0.264352909,0.333333333,Boston College,2006,Boston College 2006
0.271170801,0.333333333,Washington,2006,Washington 2006
0.334118301,0.333333333,West Virginia,2006,West Virginia 2006
0.140962872,0.333333333,Wichita State,2006,Wichita State 2006
0.232916645,0.333333333,Georgetown,2006,Georgetown 2006
0.050231424,0.333333333,Bradley,2006,Bradley 2006
0.256664937,0.166666667,Ohio State,2006,Ohio State 2006
0.345266547,0.166666667,Tennessee,2006,Tennessee 2006
0.08719948,0.166666667,North Carolina,2006,North Carolina 2006
0.284873036,0.166666667,Illinois,2006,Illinois 2006
0.061016297,0.166666667,Pittsburgh,2006,Pittsburgh 2006
0.085653029,0.166666667,Indiana,2006,Indiana 2006
0.28728752,0.166666667,George Washington,2006,George Washington 2006
0.156436413,0.166666667,Arizona,2006,Arizona 2006
0.133429347,0.166666667,Kentucky,2006,Kentucky 2006
0.105169137,0.166666667,Bucknell,2006,Bucknell 2006
0.177631241,0.166666667,NC State,2006,NC State 2006
0.141052617,0.166666667,Alabama,2006,Alabama 2006
0.155594964,0.166666667,Milwaukee,2006,Milwaukee 2006
0.068603186,0.166666667,Montana,2006,Montana 2006
0.084345771,0.166666667,Texas A&M,2006,Texas A&M 2006
0.022148926,0.166666667,Northwestern State,2006,Northwestern State 2006
0.279561609,0,Iowa,2006,Iowa 2006
0.153488053,0,Kansas,2006,Kansas 2006
0.118751889,0,Nevada,2006,Nevada 2006
0.005922604,0,Syracuse,2006,Syracuse 2006
0.196153992,0,Oklahoma,2006,Oklahoma 2006
0.089240013,0,Michigan State,2006,Michigan State 2006
0.08005818,0,California,2006,California 2006
-0.031097333,0,Marquette,2006,Marquette 2006
0.154972825,0,Arkansas,2006,Arkansas 2006
0.166885405,0,UAB,2006,UAB 2006
0.046731435,0,UNC Wilmington,2006,UNC Wilmington 2006
0.112149425,0,Wisconsin,2006,Wisconsin 2006
0.141314427,0,Northern Iowa,2006,Northern Iowa 2006
0.138706711,0,Seton Hall,2006,Seton Hall 2006
0.028462227,0,San Diego State,2006,San Diego State 2006
0.07241478,0,Southern Illinois,2006,Southern Illinois 2006
0.071337711,0,Kent State,2006,Kent State 2006
0.095302671,0,Utah State,2006,Utah State 2006
0.070271568,0,Pacific,2006,Pacific 2006
0.089122117,0,Air Force,2006,Air Force 2006
0.033425601,0,Iona,2006,Iona 2006
0.120342382,0,Murray State,2006,Murray State 2006
0.037459076,0,South Alabama,2006,South Alabama 2006
0.030357108,0,Xavier,2006,Xavier 2006
0.070891314,0,Winthrop,2006,Winthrop 2006
0.027871358,0,Belmont,2006,Belmont 2006
0.154535931,0,Davidson,2006,Davidson 2006
0.068184718,0,Penn State,2006,Penn State 2006
0.024440598,0,Southern,2006,Southern 2006
0.056239477,0,Oral Roberts,2006,Oral Roberts 2006
0.003943962,0,Albany,2006,Albany 2006
0.059250228,0,Monmouth,2006,Monmouth 2006
0.475238471,1,Florida,2007,Florida 2007
0.498949059,0.833333333,Ohio State,2007,Ohio State 2007
0.305405373,0.666666667,UCLA,2007,UCLA 2007
0.397751843,0.666666667,Georgetown,2007,Georgetown 2007
0.522694604,0.5,Kansas,2007,Kansas 2007
0.664073604,0.5,North Carolina,2007,North Carolina 2007
0.528413216,0.5,Memphis,2007,Memphis 2007
0.260365765,0.5,Oregon,2007,Oregon 2007
0.529075386,0.333333333,Texas A&M,2007,Texas A&M 2007
0.247787473,0.333333333,Pittsburgh,2007,Pittsburgh 2007
0.269375168,0.333333333,Southern Illinois,2007,Southern Illinois 2007
0.250278921,0.333333333,Butler,2007,Butler 2007
0.189483007,0.333333333,Tennessee,2007,Tennessee 2007
0.102535389,0.333333333,USC,2007,USC 2007
0.161589529,0.333333333,Vanderbilt,2007,Vanderbilt 2007
0.128864872,0.333333333,UNLV,2007,UNLV 2007
0.324179931,0.166666667,Wisconsin,2007,Wisconsin 2007
0.245864841,0.166666667,Washington State,2007,Washington State 2007
0.128975777,0.166666667,Texas,2007,Texas 2007
0.218383458,0.166666667,Virginia,2007,Virginia 2007
0.306989078,0.166666667,Maryland,2007,Maryland 2007
0.241726116,0.166666667,Virginia Tech,2007,Virginia Tech 2007
0.058306704,0.166666667,Louisville,2007,Louisville 2007
0.182203177,0.166666667,Nevada,2007,Nevada 2007
0.183208925,0.166666667,Indiana,2007,Indiana 2007
0.143244837,0.166666667,Boston College,2007,Boston College 2007
0.088939898,0.166666667,Kentucky,2007,Kentucky 2007
0.022315627,0.166666667,Xavier,2007,Xavier 2007
0.060634664,0.166666667,Purdue,2007,Purdue 2007
0.031665394,0.166666667,Michigan State,2007,Michigan State 2007
0.179322633,0.166666667,Winthrop,2007,Winthrop 2007
0.064863202,0.166666667,VCU,2007,VCU 2007
0.199857186,0,Notre Dame,2007,Notre Dame 2007
0.107615971,0,Duke,2007,Duke 2007
0.085378219,0,Brigham Young,2007,Brigham Young 2007
0.153063891,0,Marquette,2007,Marquette 2007
0.110666015,0,Arizona,2007,Arizona 2007
0.099868023,0,Villanova,2007,Villanova 2007
0.15056362,0,Gonzaga,2007,Gonzaga 2007
0.108710404,0,Creighton,2007,Creighton 2007
0.141167573,0,Texas Tech,2007,Texas Tech 2007
0.149016276,0,Georgia Tech,2007,Georgia Tech 2007
0.107053199,0,George Washington,2007,George Washington 2007
0.164537404,0,Stanford,2007,Stanford 2007
0.024555084,0,Long Beach State,2007,Long Beach State 2007
0.115038317,0,Old Dominion,2007,Old Dominion 2007
-0.059092954,0,Illinois,2007,Illinois 2007
0.137830032,0,Arkansas,2007,Arkansas 2007
0.094069898,0,Davidson,2007,Davidson 2007
0.004262496,0,Holy Cross,2007,Holy Cross 2007
0.028273975,0,Albany,2007,Albany 2007
0.035944749,0,New Mexico State,2007,New Mexico State 2007
0.041505111,0,Pennsylvania,2007,Pennsylvania 2007
0.070063139,0,Oral Roberts,2007,Oral Roberts 2007
0.05595346,0,Wright State,2007,Wright State 2007
0.081559863,0,Miami (OH),2007,Miami (OH) 2007
0.168361201,0,Texas A&M-CC,2007,Texas A&M-CC 2007
0.075466824,0,Belmont,2007,Belmont 2007
-0.00069772,0,Weber State,2007,Weber State 2007
0.110496954,0,North Texas,2007,North Texas 2007
-0.007119878,0,Central Connecticut State,2007,Central Connecticut State 2007
0.008796229,0,Niagara,2007,Niagara 2007
-0.005095614,0,Jackson State,2007,Jackson State 2007
0.049912363,0,Eastern Kentucky,2007,Eastern Kentucky 2007
0.623646364,1,Kansas,2008,Kansas 2008
0.520971786,0.833333333,Memphis,2008,Memphis 2008
0.565915929,0.666666667,UCLA,2008,UCLA 2008
0.576749729,0.666666667,North Carolina,2008,North Carolina 2008
0.397675612,0.5,Texas,2008,Texas 2008
0.219687698,0.5,Xavier,2008,Xavier 2008
0.247422957,0.5,Louisville,2008,Louisville 2008
0.164020121,0.5,Davidson,2008,Davidson 2008
0.411740646,0.333333333,Tennessee,2008,Tennessee 2008
0.322447128,0.333333333,Wisconsin,2008,Wisconsin 2008
0.282105056,0.333333333,Stanford,2008,Stanford 2008
0.358296139,0.333333333,Washington State,2008,Washington State 2008
0.173310019,0.333333333,Michigan State,2008,Michigan State 2008
0.188741146,0.333333333,West Virginia,2008,West Virginia 2008
0.159336605,0.333333333,Western Kentucky,2008,Western Kentucky 2008
0.100629137,0.333333333,Villanova,2008,Villanova 2008
0.329955327,0.166666667,Georgetown,2008,Georgetown 2008
0.475534965,0.166666667,Duke,2008,Duke 2008
0.291839645,0.166666667,Pittsburgh,2008,Pittsburgh 2008
0.178833634,0.166666667,Notre Dame,2008,Notre Dame 2008
0.132286219,0.166666667,Purdue,2008,Purdue 2008
0.213345727,0.166666667,Marquette,2008,Marquette 2008
0.079334159,0.166666667,Oklahoma,2008,Oklahoma 2008
0.225673332,0.166666667,Butler,2008,Butler 2008
0.161572576,0.166666667,Miami (FL),2008,Miami (FL) 2008
0.204726085,0.166666667,Mississippi State,2008,Mississippi State 2008
0.08415471,0.166666667,UNLV,2008,UNLV 2008
0.153197902,0.166666667,Arkansas,2008,Arkansas 2008
0.227610629,0.166666667,Texas A&M,2008,Texas A&M 2008
0.160351142,0.166666667,Kansas State,2008,Kansas State 2008
0.096241029,0.166666667,San Diego,2008,San Diego 2008
0.113676471,0.166666667,Siena,2008,Siena 2008
0.279845994,0,Connecticut,2008,Connecticut 2008
0.185854603,0,Vanderbilt,2008,Vanderbilt 2008
0.18471273,0,Drake,2008,Drake 2008
0.223984453,0,Clemson,2008,Clemson 2008
0.158515625,0,USC,2008,USC 2008
0.126204862,0,Gonzaga,2008,Gonzaga 2008
0.088887105,0,Brigham Young,2008,Brigham Young 2008
0.208516819,0,Indiana,2008,Indiana 2008
0.108424647,0,Kent State,2008,Kent State 2008
0.127719605,0,Oregon,2008,Oregon 2008
0.070867082,0,South Alabama,2008,South Alabama 2008
0.136164253,0,Saint Mary's,2008,Saint Mary's 2008
0.005592109,0,Arizona,2008,Arizona 2008
-0.015818481,0,Kentucky,2008,Kentucky 2008
0.083039739,0,Saint Joseph's,2008,Saint Joseph's 2008
0.231868817,0,Baylor,2008,Baylor 2008
0.094949364,0,Temple,2008,Temple 2008
0.050402913,0,George Mason,2008,George Mason 2008
0.100401873,0,Oral Roberts,2008,Oral Roberts 2008
0.064764003,0,Winthrop,2008,Winthrop 2008
0.067179504,0,Cornell,2008,Cornell 2008
0.075117556,0,Cal State Fullerton,2008,Cal State Fullerton 2008
0.059581364,0,Boise State,2008,Boise State 2008
0.133685878,0,Georgia,2008,Georgia 2008
0.054051919,0,Belmont,2008,Belmont 2008
0.102188111,0,UMBC,2008,UMBC 2008
0.040463879,0,Austin Peay,2008,Austin Peay 2008
0.031446138,0,American University,2008,American University 2008
0.038640804,0,Portland State,2008,Portland State 2008
-0.025380739,0,Mississippi Valley State,2008,Mississippi Valley State 2008
0.071040366,0,Mount St. Mary's,2008,Mount St. Mary's 2008
0.017398096,0,Texas-Arlington,2008,Texas-Arlington 2008
0.642114059,1,North Carolina,2009,North Carolina 2009
0.294774628,0.833333333,Michigan State,2009,Michigan State 2009
0.578307609,0.666666667,Connecticut,2009,Connecticut 2009
0.336714204,0.666666667,Villanova,2009,Villanova 2009
0.39245301,0.5,Louisville,2009,Louisville 2009
0.696806917,0.5,Pittsburgh,2009,Pittsburgh 2009
0.331508768,0.5,Oklahoma,2009,Oklahoma 2009
0.358114597,0.5,Missouri,2009,Missouri 2009
0.476401118,0.333333333,Memphis,2009,Memphis 2009
0.348381812,0.333333333,Duke,2009,Duke 2009
0.201446397,0.333333333,Kansas,2009,Kansas 2009
0.271781164,0.333333333,Syracuse,2009,Syracuse 2009
0.600602119,0.333333333,Gonzaga,2009,Gonzaga 2009
0.281991987,0.333333333,Xavier,2009,Xavier 2009
0.213859595,0.333333333,Purdue,2009,Purdue 2009
0.03863456,0.333333333,Arizona,2009,Arizona 2009
0.228223595,0.166666667,Washington,2009,Washington 2009
0.271346912,0.166666667,UCLA,2009,UCLA 2009
0.138727032,0.166666667,Marquette,2009,Marquette 2009
0.17440546,0.166666667,Arizona State,2009,Arizona State 2009
0.20940488,0.166666667,Texas,2009,Texas 2009
0.05953387,0.166666667,LSU,2009,LSU 2009
0.071390311,0.166666667,Oklahoma State,2009,Oklahoma State 2009
0.105642813,0.166666667,Siena,2009,Siena 2009
0.115720379,0.166666667,Texas A&M,2009,Texas A&M 2009
0.147721403,0.166666667,USC,2009,USC 2009
0.179582795,0.166666667,Michigan,2009,Michigan 2009
0.177023685,0.166666667,Maryland,2009,Maryland 2009
0.141923079,0.166666667,Dayton,2009,Dayton 2009
0.042969759,0.166666667,Western Kentucky,2009,Western Kentucky 2009
0.218495752,0.166666667,Wisconsin,2009,Wisconsin 2009
0.113015063,0.166666667,Cleveland State,2009,Cleveland State 2009
0.437096921,0,Wake Forest,2009,Wake Forest 2009
0.1373916,0,Florida State,2009,Florida State 2009
0.185755408,0,Illinois,2009,Illinois 2009
0.184828623,0,West Virginia,2009,West Virginia 2009
0.104155157,0,California,2009,California 2009
0.265134329,0,Clemson,2009,Clemson 2009
0.123256063,0,Boston College,2009,Boston College 2009
0.163413403,0,Brigham Young,2009,Brigham Young 2009
0.152385457,0,Ohio State,2009,Ohio State 2009
0.045726641,0,Butler,2009,Butler 2009
0.178099874,0,Tennessee,2009,Tennessee 2009
0.177676177,0,Minnesota,2009,Minnesota 2009
0.15728226,0,Utah State,2009,Utah State 2009
0.086926786,0,VCU,2009,VCU 2009
0.073545143,0,Temple,2009,Temple 2009
0.008343501,0,Northern Iowa,2009,Northern Iowa 2009
0.031609242,0,Portland State,2009,Portland State 2009
0.061860389,0,Akron,2009,Akron 2009
0.044701815,0,Mississippi State,2009,Mississippi State 2009
0.051545539,0,American University,2009,American University 2009
0.082699062,0,North Dakota State,2009,North Dakota State 2009
0.069427844,0,Stephen F. Austin,2009,Stephen F. Austin 2009
0.071359424,0,Cornell,2009,Cornell 2009
-0.021788625,0,Robert Morris,2009,Robert Morris 2009
0.060453333,0,Morgan State,2009,Morgan State 2009
0.020214075,0,Binghamton,2009,Binghamton 2009
0.011598054,0,Cal State Northridge,2009,Cal State Northridge 2009
0.014929899,0,Radford,2009,Radford 2009
0.077484917,0,East Tennessee State,2009,East Tennessee State 2009
0.048436271,0,Morehead State,2009,Morehead State 2009
-0.045388941,0,Chattanooga,2009,Chattanooga 2009
0.082352346,0,Utah,2009,Utah 2009
0.555542455,1,Duke,2010,Duke 2010
0.101850737,0.833333333,Butler,2010,Butler 2010
0.395595467,0.666666667,West Virginia,2010,West Virginia 2010
0.21021773,0.666666667,Michigan State,2010,Michigan State 2010
0.49026008,0.5,Kentucky,2010,Kentucky 2010
0.305813146,0.5,Kansas State,2010,Kansas State 2010
0.383916342,0.5,Baylor,2010,Baylor 2010
0.16973186,0.5,Tennessee,2010,Tennessee 2010
0.674794318,0.333333333,Syracuse,2010,Syracuse 2010
0.455512774,0.333333333,Ohio State,2010,Ohio State 2010
0.408457508,0.333333333,Purdue,2010,Purdue 2010
0.033771468,0.333333333,Xavier,2010,Xavier 2010
0.156424542,0.333333333,Northern Iowa,2010,Northern Iowa 2010
0.147776329,0.333333333,Saint Mary's,2010,Saint Mary's 2010
0.137941942,0.333333333,Washington,2010,Washington 2010
0.137168605,0.333333333,Cornell,2010,Cornell 2010
0.698151809,0.166666667,Kansas,2010,Kansas 2010
0.379459164,0.166666667,Villanova,2010,Villanova 2010
0.304152324,0.166666667,New Mexico,2010,New Mexico 2010
0.17756401,0.166666667,Pittsburgh,2010,Pittsburgh 2010
0.350059458,0.166666667,Maryland,2010,Maryland 2010
0.434612207,0.166666667,Wisconsin,2010,Wisconsin 2010
0.145249372,0.166666667,Texas A&M,2010,Texas A&M 2010
0.195462231,0.166666667,Brigham Young,2010,Brigham Young 2010
0.135261565,0.166666667,Gonzaga,2010,Gonzaga 2010
0.144350068,0.166666667,California,2010,California 2010
0.082501939,0.166666667,Wake Forest,2010,Wake Forest 2010
0.184256872,0.166666667,Missouri,2010,Missouri 2010
0.136945054,0.166666667,Georgia Tech,2010,Georgia Tech 2010
0.249342294,0.166666667,Old Dominion,2010,Old Dominion 2010
0.056897244,0.166666667,Murray State,2010,Murray State 2010
0.001086461,0.166666667,Ohio,2010,Ohio 2010
0.24868056,0,Georgetown,2010,Georgetown 2010
0.234181321,0,Vanderbilt,2010,Vanderbilt 2010
0.166583324,0,Temple,2010,Temple 2010
0.18100639,0,Marquette,2010,Marquette 2010
0.141629417,0,Notre Dame,2010,Notre Dame 2010
0.153849206,0,Richmond,2010,Richmond 2010
0.168810802,0,Clemson,2010,Clemson 2010
0.111024856,0,Oklahoma State,2010,Oklahoma State 2010
0.170429794,0,UNLV,2010,UNLV 2010
0.268034177,0,Texas,2010,Texas 2010
0.121332595,0,Florida State,2010,Florida State 2010
0.203506741,0,Louisville,2010,Louisville 2010
0.175025198,0,Florida,2010,Florida 2010
0.145599462,0,San Diego State,2010,San Diego State 2010
0.245591509,0,Minnesota,2010,Minnesota 2010
0.1622515,0,UTEP,2010,UTEP 2010
0.174219226,0,Utah State,2010,Utah State 2010
0.042135151,0,New Mexico State,2010,New Mexico State 2010
0.156977302,0,Siena,2010,Siena 2010
0.060757672,0,Wofford,2010,Wofford 2010
0.191253532,0,Houston,2010,Houston 2010
0.103968991,0,Oakland,2010,Oakland 2010
0.099090998,0,Sam Houston State,2010,Sam Houston State 2010
0.053335811,0,Montana,2010,Montana 2010
0.008480269,0,Morgan State,2010,Morgan State 2010
0.035499762,0,Robert Morris,2010,Robert Morris 2010
-0.013831323,0,UC Santa Barbara,2010,UC Santa Barbara 2010
0.011367837,0,North Texas,2010,North Texas 2010
0.007989513,0,Arkansas-Pine Bluff,2010,Arkansas-Pine Bluff 2010
0.038747437,0,Vermont,2010,Vermont 2010
-0.013853169,0,Lehigh,2010,Lehigh 2010
0.018855333,0,East Tennessee State,2010,East Tennessee State 2010
0.232711814,1,Connecticut,2011,Connecticut 2011
0.170143097,0.833333333,Butler,2011,Butler 2011
0.422789205,0.666666667,Kentucky,2011,Kentucky 2011
0.15396268,0.666666667,VCU,2011,VCU 2011
0.554627598,0.5,Kansas,2011,Kansas 2011
0.250970032,0.5,North Carolina,2011,North Carolina 2011
0.359808976,0.5,Florida,2011,Florida 2011
0.112900733,0.5,Arizona,2011,Arizona 2011
0.682203486,0.333333333,Ohio State,2011,Ohio State 2011
0.550729842,0.333333333,Duke,2011,Duke 2011
0.455988521,0.333333333,San Diego State,2011,San Diego State 2011
0.380155781,0.333333333,Brigham Young,2011,Brigham Young 2011
0.374310524,0.333333333,Wisconsin,2011,Wisconsin 2011
0.056483774,0.333333333,Florida State,2011,Florida State 2011
0.105256413,0.333333333,Marquette,2011,Marquette 2011
0.126088224,0.333333333,Richmond,2011,Richmond 2011
0.591215998,0.166666667,Pittsburgh,2011,Pittsburgh 2011
0.330783841,0.166666667,Notre Dame,2011,Notre Dame 2011
0.444208164,0.166666667,Purdue,2011,Purdue 2011
0.379340844,0.166666667,Syracuse,2011,Syracuse 2011
0.397936038,0.166666667,Texas,2011,Texas 2011
0.204317841,0.166666667,Kansas State,2011,Kansas State 2011
0.126830322,0.166666667,West Virginia,2011,West Virginia 2011
0.154850142,0.166666667,Cincinnati,2011,Cincinnati 2011
0.167240483,0.166666667,Temple,2011,Temple 2011
-0.010591525,0.166666667,UCLA,2011,UCLA 2011
0.271401495,0.166666667,Washington,2011,Washington 2011
0.089037976,0.166666667,George Mason,2011,George Mason 2011
0.087800523,0.166666667,Michigan,2011,Michigan 2011
0.231104355,0.166666667,Illinois,2011,Illinois 2011
0.156696121,0.166666667,Gonzaga,2011,Gonzaga 2011
0.096427252,0.166666667,Morehead State,2011,Morehead State 2011
0.243880787,0,Louisville,2011,Louisville 2011
0.133307526,0,Xavier,2011,Xavier 2011
0.179846955,0,St. John's,2011,St. John's 2011
0.191676244,0,Georgetown,2011,Georgetown 2011
0.202823025,0,Texas A&M,2011,Texas A&M 2011
0.189344614,0,UNLV,2011,UNLV 2011
0.207711054,0,Old Dominion,2011,Old Dominion 2011
0.10467526,0,Tennessee,2011,Tennessee 2011
0.184921749,0,Villanova,2011,Villanova 2011
0.098665892,0,Georgia,2011,Georgia 2011
0.155350577,0,Penn State,2011,Penn State 2011
0.161508489,0,Michigan State,2011,Michigan State 2011
0.175234535,0,Missouri,2011,Missouri 2011
0.155311149,0,Utah State,2011,Utah State 2011
0.030401892,0,Memphis,2011,Memphis 2011
0.100304807,0,Clemson,2011,Clemson 2011
0.063108232,0,Belmont,2011,Belmont 2011
0.104910605,0,Oakland,2011,Oakland 2011
0.086673172,0,Princeton,2011,Princeton 2011
0.043689966,0,Bucknell,2011,Bucknell 2011
0.07881359,0,Wofford,2011,Wofford 2011
0.003914558,0,Indiana State,2011,Indiana State 2011
0.035953012,0,Saint Peter's,2011,Saint Peter's 2011
0.042749732,0,Long Island,2011,Long Island 2011
0.102949918,0,Northern Colorado,2011,Northern Colorado 2011
0.079855039,0,Akron,2011,Akron 2011
0.02236905,0,UC Santa Barbara,2011,UC Santa Barbara 2011
0.051541709,0,Boston University,2011,Boston University 2011
0.066893647,0,Hampton,2011,Hampton 2011
0.010764472,0,UNC Asheville,2011,UNC Asheville 2011
0.003035793,0,Texas-San Antonio,2011,Texas-San Antonio 2011
0.111762241,0,Vanderbilt,2011,Vanderbilt 2011
0.655456716,1,Kentucky,2012,Kentucky 2012
0.53684987,0.833333333,Kansas,2012,Kansas 2012
0.51927026,0.666666667,Ohio State,2012,Ohio State 2012
0.259621051,0.666666667,Louisville,2012,Louisville 2012
0.4471343,0.5,Syracuse,2012,Syracuse 2012
0.608995409,0.5,North Carolina,2012,North Carolina 2012
0.226260273,0.5,Baylor,2012,Baylor 2012
0.306708469,0.5,Florida,2012,Florida 2012
0.27225788,0.333333333,Michigan State,2012,Michigan State 2012
0.311222526,0.333333333,Marquette,2012,Marquette 2012
0.394707124,0.333333333,Wisconsin,2012,Wisconsin 2012
0.249948652,0.333333333,Indiana,2012,Indiana 2012
0.133876651,0.333333333,Cincinnati,2012,Cincinnati 2012
0.11682325,0.333333333,Xavier,2012,Xavier 2012
0.060084576,0.333333333,NC State,2012,NC State 2012
0.093721123,0.333333333,Ohio,2012,Ohio 2012
0.249081042,0.166666667,Florida State,2012,Florida State 2012
0.279341469,0.166666667,Georgetown,2012,Georgetown 2012
0.109891547,0.166666667,New Mexico,2012,New Mexico 2012
0.132002015,0.166666667,Vanderbilt,2012,Vanderbilt 2012
0.173710494,0.166666667,Murray State,2012,Murray State 2012
0.078051634,0.166666667,Gonzaga,2012,Gonzaga 2012
0.186832111,0.166666667,Creighton,2012,Creighton 2012
0.117023182,0.166666667,Iowa State,2012,Iowa State 2012
0.057770881,0.166666667,Kansas State,2012,Kansas State 2012
0.196749508,0.166666667,Saint Louis,2012,Saint Louis 2012
0.147812887,0.166666667,Purdue,2012,Purdue 2012
0.050752039,0.166666667,Colorado,2012,Colorado 2012
0.143506826,0.166666667,VCU,2012,VCU 2012
0.044508176,0.166666667,South Florida,2012,South Florida 2012
0.0383446,0.166666667,Norfolk State,2012,Norfolk State 2012
0.100500675,0.166666667,Lehigh,2012,Lehigh 2012
0.251943908,0,Duke,2012,Duke 2012
0.446404724,0,Missouri,2012,Missouri 2012
0.245549474,0,Michigan,2012,Michigan 2012
0.206674734,0,Wichita State,2012,Wichita State 2012
0.080895686,0,Temple,2012,Temple 2012
0.120442534,0,San Diego State,2012,San Diego State 2012
0.133239335,0,UNLV,2012,UNLV 2012
0.112950587,0,Saint Mary's,2012,Saint Mary's 2012
0.100877204,0,Notre Dame,2012,Notre Dame 2012
0.189581286,0,Memphis,2012,Memphis 2012
0.130061076,0,Southern Mississippi,2012,Southern Mississippi 2012
0.135740287,0,Alabama,2012,Alabama 2012
0.304036374,0,Connecticut,2012,Connecticut 2012
0.173809916,0,Virginia,2012,Virginia 2012
0.066032316,0,West Virginia,2012,West Virginia 2012
0.09449406,0,Colorado State,2012,Colorado State 2012
0.187563997,0,Texas,2012,Texas 2012
0.009523796,0,Long Beach State,2012,Long Beach State 2012
0.129604415,0,Harvard,2012,Harvard 2012
0.018255738,0,Montana,2012,Montana 2012
0.115213267,0,Davidson,2012,Davidson 2012
0.063521955,0,New Mexico State,2012,New Mexico State 2012
0.094614443,0,Belmont,2012,Belmont 2012
0.076044159,0,South Dakota State,2012,South Dakota State 2012
0.086221268,0,Brigham Young,2012,Brigham Young 2012
0.1100775,0,St. Bonaventure,2012,St. Bonaventure 2012
0.011744435,0,Loyola (MD),2012,Loyola (MD) 2012
0.089215334,0,Detroit-Mercy,2012,Detroit-Mercy 2012
0.072068585,0,UNC Asheville,2012,UNC Asheville 2012
0.008777743,0,Long Island,2012,Long Island 2012
0.056545648,0,Vermont,2012,Vermont 2012
0.002213385,0,Western Kentucky,2012,Western Kentucky 2012
0.586533658,1,Louisville,2013,Louisville 2013
0.33979888,0.833333333,Michigan,2013,Michigan 2013
0.435877543,0.666666667,Syracuse,2013,Syracuse 2013
0.120253934,0.666666667,Wichita State,2013,Wichita State 2013
0.482260477,0.5,Duke,2013,Duke 2013
0.373465922,0.5,Ohio State,2013,Ohio State 2013
0.621864076,0.5,Florida,2013,Florida 2013
0.177367238,0.5,Marquette,2013,Marquette 2013
0.595845694,0.333333333,Indiana,2013,Indiana 2013
0.575257931,0.333333333,Kansas,2013,Kansas 2013
0.262062099,0.333333333,Miami (FL),2013,Miami (FL) 2013
0.358609653,0.333333333,Michigan State,2013,Michigan State 2013
0.228262247,0.333333333,Arizona,2013,Arizona 2013
0.13901156,0.333333333,Oregon,2013,Oregon 2013
0.04988391,0.333333333,La Salle,2013,La Salle 2013
0.022187338,0.333333333,Florida Gulf Coast,2013,Florida Gulf Coast 2013
0.397630737,0.166666667,Gonzaga,2013,Gonzaga 2013
0.249272321,0.166666667,Saint Louis,2013,Saint Louis 2013
0.143763595,0.166666667,VCU,2013,VCU 2013
0.223433296,0.166666667,Memphis,2013,Memphis 2013
0.078766676,0.166666667,Butler,2013,Butler 2013
0.177956887,0.166666667,Creighton,2013,Creighton 2013
0.115403544,0.166666667,San Diego State,2013,San Diego State 2013
0.185799547,0.166666667,Illinois,2013,Illinois 2013
0.131942153,0.166666667,Colorado State,2013,Colorado State 2013
0.251184238,0.166666667,North Carolina,2013,North Carolina 2013
0.082483886,0.166666667,Temple,2013,Temple 2013
0.114967735,0.166666667,Iowa State,2013,Iowa State 2013
0.152891618,0.166666667,Minnesota,2013,Minnesota 2013
0.152371974,0.166666667,Ole Miss,2013,Ole Miss 2013
0.103311092,0.166666667,California,2013,California 2013
0.003300487,0.166666667,Harvard,2013,Harvard 2013
0.26801941,0,Georgetown,2013,Georgetown 2013
0.176555742,0,New Mexico,2013,New Mexico 2013
0.221403493,0,Kansas State,2013,Kansas State 2013
0.101203817,0,Oklahoma State,2013,Oklahoma State 2013
0.205198376,0,Wisconsin,2013,Wisconsin 2013
0.189467084,0,UNLV,2013,UNLV 2013
0.182496578,0,UCLA,2013,UCLA 2013
0.104046357,0,Notre Dame,2013,Notre Dame 2013
0.240462783,0,Pittsburgh,2013,Pittsburgh 2013
0.158276762,0,NC State,2013,NC State 2013
0.19164453,0,Missouri,2013,Missouri 2013
0.061377417,0,Villanova,2013,Villanova 2013
0.139742051,0,Oklahoma,2013,Oklahoma 2013
0.067308556,0,Colorado,2013,Colorado 2013
0.135433916,0,Cincinnati,2013,Cincinnati 2013
0.049467791,0,Belmont,2013,Belmont 2013
0.06370838,0,Saint Mary's,2013,Saint Mary's 2013
0.1631969,0,Bucknell,2013,Bucknell 2013
0.085913959,0,Akron,2013,Akron 2013
0.017023511,0,Montana,2013,Montana 2013
0.040603356,0,South Dakota State,2013,South Dakota State 2013
0.063557105,0,New Mexico State,2013,New Mexico State 2013
0.098983255,0,Davidson,2013,Davidson 2013
0.025680545,0,Northwestern State,2013,Northwestern State 2013
0.058337915,0,Valparaiso,2013,Valparaiso 2013
0.032143125,0,Pacific,2013,Pacific 2013
0.055276741,0,Iona,2013,Iona 2013
-0.005557962,0,Albany,2013,Albany 2013
0.043253379,0,Southern,2013,Southern 2013
0.034571158,0,James Madison,2013,James Madison 2013
-0.001617927,0,North Carolina A&T,2013,North Carolina A&T 2013
0.030169808,0,Western Kentucky,2013,Western Kentucky 2013
0.174109166,1,Connecticut,2014,Connecticut 2014
0.173304933,0.833333333,Kentucky,2014,Kentucky 2014
0.446246906,0.666666667,Florida,2014,Florida 2014
0.288377126,0.666666667,Wisconsin,2014,Wisconsin 2014
0.550268697,0.5,Arizona,2014,Arizona 2014
0.321322486,0.5,Michigan,2014,Michigan 2014
0.394484594,0.5,Michigan State,2014,Michigan State 2014
0.095753288,0.5,Dayton,2014,Dayton 2014
0.297446637,0.333333333,Virginia,2014,Virginia 2014
0.241340822,0.333333333,Iowa State,2014,Iowa State 2014
0.299801135,0.333333333,San Diego State,2014,San Diego State 2014
0.617103682,0.333333333,Louisville,2014,Louisville 2014
0.286618592,0.333333333,UCLA,2014,UCLA 2014
0.122595676,0.333333333,Baylor,2014,Baylor 2014
0.125187248,0.333333333,Stanford,2014,Stanford 2014
0.150113972,0.333333333,Tennessee,2014,Tennessee 2014
0.343015735,0.166666667,Wichita State,2014,Wichita State 2014
0.287347554,0.166666667,Villanova,2014,Villanova 2014
0.352652573,0.166666667,Kansas,2014,Kansas 2014
0.258955718,0.166666667,Creighton,2014,Creighton 2014
0.477354087,0.166666667,Syracuse,2014,Syracuse 2014
0.068585748,0.166666667,Saint Louis,2014,Saint Louis 2014
0.194159727,0.166666667,North Carolina,2014,North Carolina 2014
0.125216062,0.166666667,Texas,2014,Texas 2014
0.113639892,0.166666667,Oregon,2014,Oregon 2014
0.081755211,0.166666667,Gonzaga,2014,Gonzaga 2014
0.234008362,0.166666667,Memphis,2014,Memphis 2014
0.143194866,0.166666667,Pittsburgh,2014,Pittsburgh 2014
0.135306406,0.166666667,Stephen F. Austin,2014,Stephen F. Austin 2014
0.070594661,0.166666667,Harvard,2014,Harvard 2014
0.186821131,0.166666667,North Dakota State,2014,North Dakota State 2014
0.0844079,0.166666667,Mercer,2014,Mercer 2014
0.506534926,0,Duke,2014,Duke 2014
0.156683704,0,Cincinnati,2014,Cincinnati 2014
0.137909722,0,VCU,2014,VCU 2014
0.088228236,0,Massachusetts,2014,Massachusetts 2014
0.153386393,0,Ohio State,2014,Ohio State 2014
0.114482695,0,New Mexico,2014,New Mexico 2014
0.067722319,0,Colorado,2014,Colorado 2014
0.028401873,0,George Washington,2014,George Washington 2014
0.062899471,0,Kansas State,2014,Kansas State 2014
0.212932534,0,Oklahoma State,2014,Oklahoma State 2014
0.091556922,0,Brigham Young,2014,Brigham Young 2014
0.072079525,0,Saint Joseph's,2014,Saint Joseph's 2014
0.072504557,0,Arizona State,2014,Arizona State 2014
0.077712013,0,Nebraska,2014,Nebraska 2014
0.050257575,0,Providence,2014,Providence 2014
0.055565742,0,NC State,2014,NC State 2014
0.056804672,0,Delaware,2014,Delaware 2014
0.062312741,0,Tulsa,2014,Tulsa 2014
0.075198336,0,New Mexico State,2014,New Mexico State 2014
0.062854064,0,Manhattan,2014,Manhattan 2014
0.047836826,0,North Carolina Central,2014,North Carolina Central 2014
0.009526581,0,Western Michigan,2014,Western Michigan 2014
0.004729503,0,Louisiana,2014,Louisiana 2014
0.018225611,0,American University,2014,American University 2014
-0.000378529,0,Wofford,2014,Wofford 2014
0.171529603,0,Eastern Kentucky,2014,Eastern Kentucky 2014
-0.008542596,0,Milwaukee,2014,Milwaukee 2014
0.047826176,0,Weber State,2014,Weber State 2014
0.006489536,0,Coastal Carolina,2014,Coastal Carolina 2014
0.013331148,0,Albany,2014,Albany 2014
0.08210936,0,Cal Poly,2014,Cal Poly 2014
0.130945666,0,Oklahoma,2014,Oklahoma 2014
0.512354432,1,Duke,2015,Duke 2015
0.571180255,0.833333333,Wisconsin,2015,Wisconsin 2015
0.629793573,0.666666667,Kentucky,2015,Kentucky 2015
0.150699197,0.666666667,Michigan State,2015,Michigan State 2015
0.330344154,0.5,Gonzaga,2015,Gonzaga 2015
0.620731014,0.5,Arizona,2015,Arizona 2015
0.28444894,0.5,Notre Dame,2015,Notre Dame 2015
0.431559211,0.5,Louisville,2015,Louisville 2015
0.354390484,0.333333333,Oklahoma,2015,Oklahoma 2015
0.440374695,0.333333333,North Carolina,2015,North Carolina 2015
0.16124821,0.333333333,Utah,2015,Utah 2015
0.177316295,0.333333333,West Virginia,2015,West Virginia 2015
0.114352751,0.333333333,Xavier,2015,Xavier 2015
0.190227833,0.333333333,Wichita State,2015,Wichita State 2015
0.133014811,0.333333333,NC State,2015,NC State 2015
0.096172186,0.333333333,UCLA,2015,UCLA 2015
0.467234102,0.166666667,Villanova,2015,Villanova 2015
0.544185799,0.166666667,Virginia,2015,Virginia 2015
0.360997727,0.166666667,Kansas,2015,Kansas 2015
0.198812422,0.166666667,Maryland,2015,Maryland 2015
0.193929874,0.166666667,Georgetown,2015,Georgetown 2015
0.133743882,0.166666667,Northern Iowa,2015,Northern Iowa 2015
0.092864766,0.166666667,Arkansas,2015,Arkansas 2015
0.217027396,0.166666667,Butler,2015,Butler 2015
0.12785904,0.166666667,Iowa,2015,Iowa 2015
0.125824497,0.166666667,San Diego State,2015,San Diego State 2015
0.052203472,0.166666667,Cincinnati,2015,Cincinnati 2015
0.088467707,0.166666667,Oregon,2015,Oregon 2015
0.113769616,0.166666667,Ohio State,2015,Ohio State 2015
0.125809261,0.166666667,Dayton,2015,Dayton 2015
0.099441296,0.166666667,Georgia State,2015,Georgia State 2015
0.037833766,0.166666667,UAB,2015,UAB 2015
0.307510984,0,Iowa State,2015,Iowa State 2015
0.22447542,0,Baylor,2015,Baylor 2015
0.131401029,0,Southern Methodist,2015,Southern Methodist 2015
0.096742459,0,Providence,2015,Providence 2015
0.150295492,0,VCU,2015,VCU 2015
0.050890533,0,Purdue,2015,Purdue 2015
0.10776512,0,LSU,2015,LSU 2015
0.140254083,0,St. John's,2015,St. John's 2015
0.091145039,0,Oklahoma State,2015,Oklahoma State 2015
0.049614771,0,Georgia,2015,Georgia 2015
0.051724007,0,Indiana,2015,Indiana 2015
0.076301012,0,Ole Miss,2015,Ole Miss 2015
0.22689595,0,Texas,2015,Texas 2015
0.091297002,0,Stephen F. Austin,2015,Stephen F. Austin 2015
0.021005033,0,Wofford,2015,Wofford 2015
0.121358765,0,Buffalo,2015,Buffalo 2015
0.105319999,0,Wyoming,2015,Wyoming 2015
0.072730004,0,Valparaiso,2015,Valparaiso 2015
0.029669552,0,Harvard,2015,Harvard 2015
0.055316006,0,Eastern Washington,2015,Eastern Washington 2015
0.087897963,0,UC Irvine,2015,UC Irvine 2015
0.012561725,0,Albany,2015,Albany 2015
0.048527533,0,New Mexico State,2015,New Mexico State 2015
-0.006184396,0,Texas Southern,2015,Texas Southern 2015
0.161255243,0,North Dakota State,2015,North Dakota State 2015
0.054716926,0,Belmont,2015,Belmont 2015
0.037803294,0,Robert Morris,2015,Robert Morris 2015
0.052158931,0,Coastal Carolina,2015,Coastal Carolina 2015
0.040534083,0,Hampton,2015,Hampton 2015
-0.014504475,0,Lafayette,2015,Lafayette 2015
0.148943549,0,Davidson,2015,Davidson 2015
0.041833773,0,Northeastern,2015,Northeastern 2015
0.421593385,1,Villanova,2016,Villanova 2016
0.659654806,0.833333333,North Carolina,2016,North Carolina 2016
0.450525469,0.666666667,Oklahoma,2016,Oklahoma 2016
0.159397801,0.666666667,Syracuse,2016,Syracuse 2016
0.530759034,0.5,Kansas,2016,Kansas 2016
0.273659128,0.5,Oregon,2016,Oregon 2016
0.404280019,0.5,Virginia,2016,Virginia 2016
0.110944442,0.5,Notre Dame,2016,Notre Dame 2016
0.267172929,0.333333333,Miami (FL),2016,Miami (FL) 2016
0.339638908,0.333333333,Duke,2016,Duke 2016
0.337590498,0.333333333,Iowa State,2016,Iowa State 2016
0.154819719,0.333333333,Indiana,2016,Indiana 2016
0.205748776,0.333333333,Maryland,2016,Maryland 2016
0.154577655,0.333333333,Wisconsin,2016,Wisconsin 2016
0.152882248,0.333333333,Gonzaga,2016,Gonzaga 2016
0.267677159,0.333333333,Texas A&M,2016,Texas A&M 2016
0.342171384,0.166666667,Xavier,2016,Xavier 2016
0.255677072,0.166666667,Utah,2016,Utah 2016
0.398842688,0.166666667,Kentucky,2016,Kentucky 2016
0.15950485,0.166666667,Iowa,2016,Iowa 2016
0.077336106,0.166666667,Saint Joseph's,2016,Saint Joseph's 2016
0.328228681,0.166666667,Connecticut,2016,Connecticut 2016
0.213657913,0.166666667,Butler,2016,Butler 2016
0.100910066,0.166666667,Providence,2016,Providence 2016
0.155347647,0.166666667,VCU,2016,VCU 2016
0.189286016,0.166666667,Wichita State,2016,Wichita State 2016
0.087368557,0.166666667,Yale,2016,Yale 2016
0.075380691,0.166666667,Little Rock,2016,Little Rock 2016
0.058989418,0.166666667,Hawaii,2016,Hawaii 2016
0.114960758,0.166666667,Stephen F. Austin,2016,Stephen F. Austin 2016
-0.003785959,0.166666667,Middle Tennessee State,2016,Middle Tennessee State 2016
0.054919365,0.166666667,Northern Iowa,2016,Northern Iowa 2016
0.506139858,0,Michigan State,2016,Michigan State 2016
0.351471947,0,West Virginia,2016,West Virginia 2016
0.237478068,0,California,2016,California 2016
0.167579074,0,Baylor,2016,Baylor 2016
0.182667882,0,Arizona,2016,Arizona 2016
0.061197167,0,Seton Hall,2016,Seton Hall 2016
0.214024689,0,Texas,2016,Texas 2016
0.099400514,0,Dayton,2016,Dayton 2016
0.063459979,0,Oregon State,2016,Oregon State 2016
0.056767311,0,Colorado,2016,Colorado 2016
0.109561907,0,USC,2016,USC 2016
0.035900327,0,Texas Tech,2016,Texas Tech 2016
0.099679182,0,Cincinnati,2016,Cincinnati 2016
0.050301396,0,Temple,2016,Temple 2016
0.163578068,0,Pittsburgh,2016,Pittsburgh 2016
0.098749816,0,Michigan,2016,Michigan 2016
0.059848031,0,Chattanooga,2016,Chattanooga 2016
0.056302401,0,South Dakota State,2016,South Dakota State 2016
0.067069809,0,Stony Brook,2016,Stony Brook 2016
0.011932474,0,Iona,2016,Iona 2016
0.094893988,0,UNC Wilmington,2016,UNC Wilmington 2016
0.121982652,0,Fresno State,2016,Fresno State 2016
0.115827641,0,Green Bay,2016,Green Bay 2016
0.025312388,0,Buffalo,2016,Buffalo 2016
-0.01146383,0,Weber State,2016,Weber State 2016
0.028070606,0,Cal State Bakersfield,2016,Cal State Bakersfield 2016
0.036778335,0,UNC Asheville,2016,UNC Asheville 2016
0.04566292,0,Hampton,2016,Hampton 2016
0.025497048,0,Florida Gulf Coast,2016,Florida Gulf Coast 2016
-0.027510918,0,Austin Peay,2016,Austin Peay 2016
-0.027743074,0,Holy Cross,2016,Holy Cross 2016
0.182350747,0,Purdue,2016,Purdue 2016
0.645752085,1,North Carolina,2017,North Carolina 2017
0.510286835,0.833333333,Gonzaga,2017,Gonzaga 2017
0.36076082,0.666666667,Oregon,2017,Oregon 2017
0.071358897,0.666666667,South Carolina,2017,South Carolina 2017
0.443224882,0.5,Kansas,2017,Kansas 2017
0.485856917,0.5,Kentucky,2017,Kentucky 2017
0.387698467,0.5,Florida,2017,Florida 2017
0.184971888,0.5,Xavier,2017,Xavier 2017
0.378007732,0.333333333,Arizona,2017,Arizona 2017
0.431955816,0.333333333,UCLA,2017,UCLA 2017
0.378162704,0.333333333,Baylor,2017,Baylor 2017
0.268713214,0.333333333,Purdue,2017,Purdue 2017
0.351983495,0.333333333,West Virginia,2017,West Virginia 2017
0.282494487,0.333333333,Butler,2017,Butler 2017
0.153273005,0.333333333,Michigan,2017,Michigan 2017
0.297088895,0.333333333,Wisconsin,2017,Wisconsin 2017
0.602974609,0.166666667,Villanova,2017,Villanova 2017
0.277584355,0.166666667,Virginia,2017,Virginia 2017
0.501621067,0.166666667,Louisville,2017,Louisville 2017
0.407002748,0.166666667,Duke,2017,Duke 2017
0.309278691,0.166666667,Florida State,2017,Florida State 2017
0.201510243,0.166666667,Notre Dame,2017,Notre Dame 2017
0.1839619,0.166666667,Iowa State,2017,Iowa State 2017
0.173336855,0.166666667,Cincinnati,2017,Cincinnati 2017
0.220858215,0.166666667,Saint Mary's,2017,Saint Mary's 2017
0.039076041,0.166666667,Arkansas,2017,Arkansas 2017
0.082899531,0.166666667,Northwestern,2017,Northwestern 2017
0.193487572,0.166666667,Michigan State,2017,Michigan State 2017
0.119688683,0.166666667,Wichita State,2017,Wichita State 2017
0.127822813,0.166666667,Rhode Island,2017,Rhode Island 2017
0.112835184,0.166666667,USC,2017,USC 2017
0.067927438,0.166666667,Middle Tennessee State,2017,Middle Tennessee State 2017
0.064396213,0,Minnesota,2017,Minnesota 2017
0.11267647,0,Southern Methodist,2017,Southern Methodist 2017
0.096696031,0,Maryland,2017,Maryland 2017
0.139120579,0,Creighton,2017,Creighton 2017
0.125542208,0,Dayton,2017,Dayton 2017
0.14989024,0,Miami (FL),2017,Miami (FL) 2017
0.083183134,0,Vanderbilt,2017,Vanderbilt 2017
0.076969731,0,Seton Hall,2017,Seton Hall 2017
0.105519178,0,Virginia Tech,2017,Virginia Tech 2017
0.065811019,0,VCU,2017,VCU 2017
0.206597461,0,Marquette,2017,Marquette 2017
0.171143452,0,Oklahoma State,2017,Oklahoma State 2017
0.058771882,0,Kansas State,2017,Kansas State 2017
0.116355602,0,Princeton,2017,Princeton 2017
0.13998003,0,UNC Wilmington,2017,UNC Wilmington 2017
0.096308422,0,Nevada,2017,Nevada 2017
0.114070254,0,Vermont,2017,Vermont 2017
0.029253131,0,Bucknell,2017,Bucknell 2017
0.051948192,0,Winthrop,2017,Winthrop 2017
0.030919496,0,East Tennessee State,2017,East Tennessee State 2017
0.078661927,0,Florida Gulf Coast,2017,Florida Gulf Coast 2017
0.036615537,0,New Mexico State,2017,New Mexico State 2017
0.000171189,0,Iona,2017,Iona 2017
0.027707258,0,Kent State,2017,Kent State 2017
0.014393466,0,North Dakota,2017,North Dakota 2017
0.014791162,0,Northern Kentucky,2017,Northern Kentucky 2017
-0.019328363,0,Jacksonville State,2017,Jacksonville State 2017
0.029665414,0,Troy,2017,Troy 2017
0.004474971,0,Texas Southern,2017,Texas Southern 2017
0.008572761,0,Mount St. Mary's,2017,Mount St. Mary's 2017
-0.025642447,0,UC Davis,2017,UC Davis 2017
0.014114118,0,South Dakota State,2017,South Dakota State 2017
0.590751643,1,Villanova,2018,Villanova 2018
0.264478405,0.833333333,Michigan,2018,Michigan 2018
0.44312097,0.666666667,Kansas,2018,Kansas 2018
0.0593047,0.666666667,Loyola (IL),2018,Loyola (IL) 2018
0.547264844,0.5,Duke,2018,Duke 2018
0.285556601,0.5,Texas Tech,2018,Texas Tech 2018
0.086600076,0.5,Kansas State,2018,Kansas State 2018
0.086236046,0.5,Florida State,2018,Florida State 2018
0.359322142,0.333333333,Purdue,2018,Purdue 2018
0.318735534,0.333333333,Gonzaga,2018,Gonzaga 2018
0.220775893,0.333333333,West Virginia,2018,West Virginia 2018
0.079484616,0.333333333,Clemson,2018,Clemson 2018
0.289485703,0.333333333,Kentucky,2018,Kentucky 2018
0.107065184,0.333333333,Nevada,2018,Nevada 2018
0.190940813,0.333333333,Syracuse,2018,Syracuse 2018
0.098139555,0.333333333,Texas A&M,2018,Texas A&M 2018
0.295874733,0.166666667,Xavier,2018,Xavier 2018
0.393978177,0.166666667,Cincinnati,2018,Cincinnati 2018
0.376207956,0.166666667,North Carolina,2018,North Carolina 2018
0.536826735,0.166666667,Michigan State,2018,Michigan State 2018
0.198517825,0.166666667,Tennessee,2018,Tennessee 2018
0.29999398,0.166666667,Auburn,2018,Auburn 2018
0.194882793,0.166666667,Ohio State,2018,Ohio State 2018
0.088078876,0.166666667,Houston,2018,Houston 2018
0.439351833,0.166666667,Florida,2018,Florida 2018
0.142386292,0.166666667,Rhode Island,2018,Rhode Island 2018
0.066888295,0.166666667,Seton Hall,2018,Seton Hall 2018
0.131714219,0.166666667,Alabama,2018,Alabama 2018
0.213719545,0.166666667,Butler,2018,Butler 2018
0.031899412,0.166666667,Buffalo,2018,Buffalo 2018
0.050221099,0.166666667,Marshall,2018,Marshall 2018
0.081020481,0.166666667,UMBC,2018,UMBC 2018
0.35676808,0,Virginia,2018,Virginia 2018
0.288355693,0,Wichita State,2018,Wichita State 2018
0.362871105,0,Arizona,2018,Arizona 2018
0.121439304,0,Miami (FL),2018,Miami (FL) 2018
0.096334602,0,Texas Christian,2018,Texas Christian 2018
0.072903808,0,Arkansas,2018,Arkansas 2018
0.121505206,0,Creighton,2018,Creighton 2018
0.069854719,0,Missouri,2018,Missouri 2018
0.055178744,0,Virginia Tech,2018,Virginia Tech 2018
0.105618967,0,NC State,2018,NC State 2018
0.041470445,0,Providence,2018,Providence 2018
0.155870635,0,Texas,2018,Texas 2018
0.125537471,0,Oklahoma,2018,Oklahoma 2018
0.024221647,0,St. Bonaventure,2018,St. Bonaventure 2018
0.106827252,0,San Diego State,2018,San Diego State 2018
0.060642517,0,South Dakota State,2018,South Dakota State 2018
0.041450023,0,Murray State,2018,Murray State 2018
0.114158653,0,New Mexico State,2018,New Mexico State 2018
0.112966077,0,Davidson,2018,Davidson 2018
0.07587027,0,UNC Greensboro,2018,UNC Greensboro 2018
0.045227239,0,Charleston,2018,Charleston 2018
0.022738071,0,Bucknell,2018,Bucknell 2018
0.055549175,0,Stephen F. Austin,2018,Stephen F. Austin 2018
-0.022356353,0,Wright State,2018,Wright State 2018
-0.001343629,0,Lipscomb,2018,Lipscomb 2018
0.05955031,0,Georgia State,2018,Georgia State 2018
-0.002948058,0,Cal State Fullerton,2018,Cal State Fullerton 2018
0.039894216,0,Iona,2018,Iona 2018
0.007080017,0,Pennsylvania,2018,Pennsylvania 2018
0.010476799,0,Radford,2018,Radford 2018
-0.014880443,0,Texas Southern,2018,Texas Southern 2018
0.064645479,0,Montana,2018,Montana 2018
0.472054659,1,Virginia,2019,Virginia 2019
0.24225033,0.833333333,Texas Tech,2019,Texas Tech 2019
0.427017959,0.666666667,Michigan State,2019,Michigan State 2019
0.183786649,0.666666667,Auburn,2019,Auburn 2019
0.642409479,0.5,Gonzaga,2019,Gonzaga 2019
0.656226165,0.5,Duke,2019,Duke 2019
0.398063306,0.5,Kentucky,2019,Kentucky 2019
0.339215492,0.5,Purdue,2019,Purdue 2019
0.60292478,0.333333333,North Carolina,2019,North Carolina 2019
0.424869084,0.333333333,Tennessee,2019,Tennessee 2019
0.494198246,0.333333333,Michigan,2019,Michigan 2019
0.300296704,0.333333333,Houston,2019,Houston 2019
0.290019002,0.333333333,LSU,2019,LSU 2019
0.223693698,0.333333333,Florida State,2019,Florida State 2019
0.296142151,0.333333333,Virginia Tech,2019,Virginia Tech 2019
0.111241091,0.333333333,Oregon,2019,Oregon 2019
0.400235432,0.166666667,Kansas,2019,Kansas 2019
0.189021244,0.166666667,Buffalo,2019,Buffalo 2019
0.270091526,0.166666667,Villanova,2019,Villanova 2019
0.149132686,0.166666667,Maryland,2019,Maryland 2019
0.167026535,0.166666667,Wofford,2019,Wofford 2019
0.079389636,0.166666667,Washington,2019,Washington 2019
0.040861795,0.166666667,UCF,2019,UCF 2019
0.124069356,0.166666667,Baylor,2019,Baylor 2019
0.071832603,0.166666667,Oklahoma,2019,Oklahoma 2019
0.243029752,0.166666667,Florida,2019,Florida 2019
0.097606688,0.166666667,Iowa,2019,Iowa 2019
0.037566948,0.166666667,Minnesota,2019,Minnesota 2019
0.142345773,0.166666667,Ohio State,2019,Ohio State 2019
0.082555572,0.166666667,Murray State,2019,Murray State 2019
0.128594076,0.166666667,Liberty,2019,Liberty 2019
0.027289622,0.166666667,UC Irvine,2019,UC Irvine 2019
0.348903922,0,Kansas State,2019,Kansas State 2019
0.209558246,0,Wisconsin,2019,Wisconsin 2019
0.206339547,0,Marquette,2019,Marquette 2019
0.121519299,0,Mississippi State,2019,Mississippi State 2019
0.134274447,0,Iowa State,2019,Iowa State 2019
0.227692118,0,Nevada,2019,Nevada 2019
0.267848107,0,Louisville,2019,Louisville 2019
0.07735599,0,VCU,2019,VCU 2019
0.050081958,0,Utah State,2019,Utah State 2019
0.087850803,0,Ole Miss,2019,Ole Miss 2019
0.19850213,0,Syracuse,2019,Syracuse 2019
0.059421073,0,Seton Hall,2019,Seton Hall 2019
0.062916924,0,Belmont,2019,Belmont 2019
0.131097222,0,Saint Mary's,2019,Saint Mary's 2019
0.077766825,0,Arizona State,2019,Arizona State 2019
0.075557954,0,New Mexico State,2019,New Mexico State 2019
0.07709308,0,Vermont,2019,Vermont 2019
0.043639594,0,Northeastern,2019,Northeastern 2019
0.032504852,0,Saint Louis,2019,Saint Louis 2019
0.019881091,0,Northern Kentucky,2019,Northern Kentucky 2019
0.031671656,0,Georgia State,2019,Georgia State 2019
0.0411411,0,Old Dominion,2019,Old Dominion 2019
0.019716988,0,Yale,2019,Yale 2019
0.012228481,0,Montana,2019,Montana 2019
0.026546517,0,Abilene Christian,2019,Abilene Christian 2019
0.025225752,0,Colgate,2019,Colgate 2019
-0.001155123,0,Bradley,2019,Bradley 2019
-0.001980729,0,Iona,2019,Iona 2019
-0.001711315,0,Fairleigh Dickinson,2019,Fairleigh Dickinson 2019
0.024091933,0,Gardner-Webb,2019,Gardner-Webb 2019
0.115868632,0,North Dakota State,2019,North Dakota State 2019
0.093082549,0,Cincinnati,2019,Cincinnati 2019
0.62213827,1,Baylor,2021,Baylor 2021
0.564716112,0.833333333,Gonzaga,2021,Gonzaga 2021
0.551976899,0.666666667,Houston,2021,Houston 2021
0.155301644,0.666666667,UCLA,2021,UCLA 2021
0.279397039,0.5,Michigan,2021,Michigan 2021
0.280323672,0.5,Arkansas,2021,Arkansas 2021
0.120468111,0.5,USC,2021,USC 2021
0.060912166,0.5,Oregon State,2021,Oregon State 2021
0.353339267,0.333333333,Alabama,2021,Alabama 2021
0.303090496,0.333333333,Florida State,2021,Florida State 2021
0.270437656,0.333333333,Villanova,2021,Villanova 2021
0.206385436,0.333333333,Creighton,2021,Creighton 2021
0.116341091,0.333333333,Oregon,2021,Oregon 2021
0.139027625,0.333333333,Loyola (IL),2021,Loyola (IL) 2021
0.19487689,0.333333333,Syracuse,2021,Syracuse 2021
0.062677288,0.333333333,Oral Roberts,2021,Oral Roberts 2021
0.221570396,0.166666667,Wisconsin,2021,Wisconsin 2021
0.314736997,0.166666667,Illinois,2021,Illinois 2021
0.484643858,0.166666667,Iowa,2021,Iowa 2021
0.363492121,0.166666667,Kansas,2021,Kansas 2021
0.331608425,0.166666667,West Virginia,2021,West Virginia 2021
0.223889215,0.166666667,Oklahoma State,2021,Oklahoma State 2021
0.156051178,0.166666667,Colorado,2021,Colorado 2021
0.18005767,0.166666667,Texas Tech,2021,Texas Tech 2021
0.17976428,0.166666667,Florida,2021,Florida 2021
0.136406391,0.166666667,LSU,2021,LSU 2021
0.161411284,0.166666667,Oklahoma,2021,Oklahoma 2021
0.152864446,0.166666667,Rutgers,2021,Rutgers 2021
0.105087022,0.166666667,Maryland,2021,Maryland 2021
0.089305641,0.166666667,North Texas,2021,North Texas 2021
0.076707786,0.166666667,Ohio,2021,Ohio 2021
0.090499039,0.166666667,Abilene Christian,2021,Abilene Christian 2021
0.370755996,0,Ohio State,2021,Ohio State 2021
0.369724322,0,Texas,2021,Texas 2021
0.350374612,0,Virginia,2021,Virginia 2021
0.209341593,0,Purdue,2021,Purdue 2021
0.171909746,0,Tennessee,2021,Tennessee 2021
0.192068643,0,San Diego State,2021,San Diego State 2021
0.115758653,0,Brigham Young,2021,Brigham Young 2021
0.289913355,0,Connecticut,2021,Connecticut 2021
0.12013247,0,Clemson,2021,Clemson 2021
0.245009963,0,North Carolina,2021,North Carolina 2021
0.112063202,0,St. Bonaventure,2021,St. Bonaventure 2021
0.174775672,0,Georgia Tech,2021,Georgia Tech 2021
0.093137769,0,Missouri,2021,Missouri 2021
0.087257851,0,VCU,2021,VCU 2021
0.101722766,0,Virginia Tech,2021,Virginia Tech 2021
0.177024259,0,Drake,2021,Drake 2021
0.098698426,0,Utah State,2021,Utah State 2021
0.060835606,0,Winthrop,2021,Winthrop 2021
0.097864474,0,UC Santa Barbara,2021,UC Santa Barbara 2021
0.081846452,0,Georgetown,2021,Georgetown 2021
0.151766055,0,Liberty,2021,Liberty 2021
0.115268986,0,UNC Greensboro,2021,UNC Greensboro 2021
0.469423936,0,Colgate,2021,Colgate 2021
0.030428966,0,Morehead State,2021,Morehead State 2021
0.072733037,0,Eastern Washington,2021,Eastern Washington 2021
0.030412782,0,Cleveland State,2021,Cleveland State 2021
0.052476844,0,Grand Canyon,2021,Grand Canyon 2021
0.056969986,0,Iona,2021,Iona 2021
0.061725706,0,Texas Southern,2021,Texas Southern 2021
0.025238718,0,Norfolk State,2021,Norfolk State 2021
0.051216222,0,Hartford,2021,Hartford 2021
0.057256148,0,Drexel,2021,Drexel 2021
0.560571676,1,Kansas,2022,Kansas 2022
0.245928218,0.833333333,North Carolina,2022,North Carolina 2022
0.437534515,0.666666667,Duke,2022,Duke 2022
0.444387685,0.666666667,Villanova,2022,Villanova 2022
0.277471052,0.5,Arkansas,2022,Arkansas 2022
0.243240622,0.5,Houston,2022,Houston 2022
0.115324618,0.5,Miami (FL),2022,Miami (FL) 2022
0.000182706,0.5,Saint Peter's,2022,Saint Peter's 2022
0.655775115,0.333333333,Gonzaga,2022,Gonzaga 2022
0.555626037,0.333333333,Arizona,2022,Arizona 2022
0.3082982,0.333333333,Purdue,2022,Purdue 2022
0.248747738,0.333333333,Texas Tech,2022,Texas Tech 2022
0.184335173,0.333333333,Providence,2022,Providence 2022
0.414284106,0.333333333,UCLA,2022,UCLA 2022
0.186823962,0.333333333,Michigan,2022,Michigan 2022
0.114738874,0.333333333,Iowa State,2022,Iowa State 2022
0.552743468,0.166666667,Baylor,2022,Baylor 2022
0.392902284,0.166666667,Auburn,2022,Auburn 2022
0.322244317,0.166666667,Tennessee,2022,Tennessee 2022
0.298236537,0.166666667,Wisconsin,2022,Wisconsin 2022
0.273369888,0.166666667,Illinois,2022,Illinois 2022
0.137473181,0.166666667,Saint Mary's,2022,Saint Mary's 2022
0.2249048,0.166666667,Texas,2022,Texas 2022
0.151195628,0.166666667,Murray State,2022,Murray State 2022
0.139632508,0.166666667,Ohio State,2022,Ohio State 2022
0.14456078,0.166666667,Michigan State,2022,Michigan State 2022
0.182009721,0.166666667,Memphis,2022,Memphis 2022
0.09760479,0.166666667,Creighton,2022,Creighton 2022
0.106682023,0.166666667,Texas Christian,2022,Texas Christian 2022
0.129244291,0.166666667,Notre Dame,2022,Notre Dame 2022
0.038286023,0.166666667,New Mexico State,2022,New Mexico State 2022
0.130715265,0.166666667,Richmond,2022,Richmond 2022
0.489780973,0,Kentucky,2022,Kentucky 2022
0.294938291,0,Connecticut,2022,Connecticut 2022
0.180443452,0,Iowa,2022,Iowa 2022
0.139588324,0,Colorado State,2022,Colorado State 2022
0.095628779,0,LSU,2022,LSU 2022
0.192504814,0,Alabama,2022,Alabama 2022
0.144214342,0,USC,2022,USC 2022
0.092463467,0,Boise State,2022,Boise State 2022
0.061035,0,San Diego State,2022,San Diego State 2022
0.109493607,0,Seton Hall,2022,Seton Hall 2022
0.12516823,0,Marquette,2022,Marquette 2022
0.096424111,0,Davidson,2022,Davidson 2022
0.091160355,0,Loyola (IL),2022,Loyola (IL) 2022
0.105838008,0,San Francisco,2022,San Francisco 2022
0.119261864,0,Virginia Tech,2022,Virginia Tech 2022
0.134556135,0,UAB,2022,UAB 2022
0.053737819,0,Indiana,2022,Indiana 2022
0.095542725,0,South Dakota State,2022,South Dakota State 2022
0.117358114,0,Vermont,2022,Vermont 2022
0.062063754,0,Chattanooga,2022,Chattanooga 2022
0.03637508,0,Akron,2022,Akron 2022
0.049849397,0,Longwood,2022,Longwood 2022
0.046126625,0,Colgate,2022,Colgate 2022
0.016462374,0,Yale,2022,Yale 2022
0.029590582,0,Cal State Fullerton,2022,Cal State Fullerton 2022
0.036745837,0,Delaware,2022,Delaware 2022
0.031943276,0,Norfolk State,2022,Norfolk State 2022
0.06820834,0,Texas Southern,2022,Texas Southern 2022
0.03506878,0,Wright State,2022,Wright State 2022
0.083273354,0,Georgia State,2022,Georgia State 2022
0.038386353,0,Jacksonville State,2022,Jacksonville State 2022
0.012383961,0,Montana State,2022,Montana State 2022
0.552427259,1,Connecticut,2023,Connecticut 2023
0.15979429,0.833333333,San Diego State,2023,San Diego State 2023
0.091669883,0.666666667,Miami (FL),2023,Miami (FL) 2023
0.15415401,0.666666667,Florida Atlantic,2023,Florida Atlantic 2023
0.345727463,0.5,Texas,2023,Texas 2023
0.379386031,0.5,Gonzaga,2023,Gonzaga 2023
0.29949036,0.5,Kansas State,2023,Kansas State 2023
0.198952781,0.5,Creighton,2023,Creighton 2023
0.585578343,0.333333333,Houston,2023,Houston 2023
0.419061701,0.333333333,Alabama,2023,Alabama 2023
0.396390164,0.333333333,UCLA,2023,UCLA 2023
0.290362988,0.333333333,Xavier,2023,Xavier 2023
0.321325942,0.333333333,Tennessee,2023,Tennessee 2023
0.131659083,0.333333333,Michigan State,2023,Michigan State 2023
0.164618184,0.333333333,Arkansas,2023,Arkansas 2023
0.038218752,0.333333333,Princeton,2023,Princeton 2023
0.407938991,0.166666667,Kansas,2023,Kansas 2023
0.308067564,0.166666667,Marquette,2023,Marquette 2023
0.394037757,0.166666667,Baylor,2023,Baylor 2023
0.302295708,0.166666667,Indiana,2023,Indiana 2023
0.145965068,0.166666667,Saint Mary's,2023,Saint Mary's 2023
0.27433186,0.166666667,Duke,2023,Duke 2023
0.274731192,0.166666667,Kentucky,2023,Kentucky 2023
0.156318386,0.166666667,Texas Christian,2023,Texas Christian 2023
0.1651475,0.166666667,Missouri,2023,Missouri 2023
0.130496547,0.166666667,Northwestern,2023,Northwestern 2023
0.099981713,0.166666667,Maryland,2023,Maryland 2023
0.118928162,0.166666667,Auburn,2023,Auburn 2023
0.124099537,0.166666667,Penn State,2023,Penn State 2023
0.136749734,0.166666667,Pittsburgh,2023,Pittsburgh 2023
0.058740309,0.166666667,Furman,2023,Furman 2023
0.064062137,0.166666667,Fairleigh Dickinson,2023,Fairleigh Dickinson 2023
0.345889228,0,Purdue,2023,Purdue 2023
0.322996125,0,Arizona,2023,Arizona 2023
0.314598663,0,Virginia,2023,Virginia 2023
0.198174385,0,Iowa State,2023,Iowa State 2023
0.136513023,0,Texas A&M,2023,Texas A&M 2023
0.140772602,0,Memphis,2023,Memphis 2023
0.102592856,0,Iowa,2023,Iowa 2023
0.186524534,0,Illinois,2023,Illinois 2023
0.114285129,0,West Virginia,2023,West Virginia 2023
0.049868488,0,Utah State,2023,Utah State 2023
0.063870005,0,Boise State,2023,Boise State 2023
0.106136644,0,USC,2023,USC 2023
0.117461839,0,Providence,2023,Providence 2023
0.185355573,0,NC State,2023,NC State 2023
0.087644906,0,Arizona State,2023,Arizona State 2023
0.148951547,0,Oral Roberts,2023,Oral Roberts 2023
0.130916789,0,Charleston,2023,Charleston 2023
0.082883055,0,VCU,2023,VCU 2023
0.091108264,0,Drake,2023,Drake 2023
0.064987529,0,Kent State,2023,Kent State 2023
0.039439585,0,Louisiana,2023,Louisiana 2023
0.02962986,0,Montana State,2023,Montana State 2023
0.031629397,0,Kennesaw State,2023,Kennesaw State 2023
0.04307945,0,UC Santa Barbara,2023,UC Santa Barbara 2023
0.037642493,0,Grand Canyon,2023,Grand Canyon 2023
0.102733577,0,Colgate,2023,Colgate 2023
0.036306669,0,UNC Asheville,2023,UNC Asheville 2023
0.093731207,0,Vermont,2023,Vermont 2023
0.009897097,0,Howard,2023,Howard 2023
0.03844374,0,Texas A&M-CC,2023,Texas A&M-CC 2023
0.051692373,0,Northern Kentucky,2023,Northern Kentucky 2023
0.126706703,0,Iona,2023,Iona 2023
0.162732615,0,Saint Mary's,2024,Saint Mary's 2024
0.248013513,0,Gonzaga,2024,Gonzaga 2024
0.121964296,0,McNeese State,2024,McNeese State 2024
0.728851538,0,Uconn,2024,Uconn 2024
0.046598259,0,Colgate,2024,Colgate 2024
0.323504888,0,Auburn,2024,Auburn 2024
0.031642795,0,Morehead State,2024,Morehead State 2024
0.63306061,0,Arizona,2024,Arizona 2024
0.123694122,0,James Madison,2024,James Madison 2024
0.048846047,0,Vermont,2024,Vermont 2024
0.331603484,0,Tennessee,2024,Tennessee 2024
0.07758518,0,Grand Canyon,2024,Grand Canyon 2024
0.562697611,0,Houston,2024,Houston 2024
0.087503256,0,Yale,2024,Yale 2024
0.601085692,0,Purdue,2024,Purdue 2024
0.073962159,0,Charleston,2024,Charleston 2024
0.458729445,0,Duke,2024,Duke 2024
0.420408778,0,North Carolina,2024,North Carolina 2024
0.088930225,0,Samford,2024,Samford 2024
0.163632868,0,Dayton,2024,Dayton 2024
0.060913414,0,Drake,2024,Drake 2024
-0.000289783,0,Akron,2024,Akron 2024
0.079371597,0,Boise State,2024,Boise State 2024
0.302227727,0,Creighton,2024,Creighton 2024
0.37169887,0,Marquette,2024,Marquette 2024
0.237436375,0,Florida Atlantic,2024,Florida Atlantic 2024
0.274733488,0,Illinois,2024,Illinois 2024
0.179961776,0,San Diego State,2024,San Diego State 2024
0.142639184,0,Utah State,2024,Utah State 2024
0.056383774,0,South Dakota State,2024,South Dakota State 2024
0.083059178,0,Nevada,2024,Nevada 2024
0.033047887,0,Oakland,2024,Oakland 2024
0.166916439,0,New Mexico,2024,New Mexico 2024
0.410656103,0,Kentucky,2024,Kentucky 2024
0.319094466,0,Alabama,2024,Alabama 2024
0.016255514,0,Grambling State,2024,Grambling State 2024
0.319050554,0,Iowa State,2024,Iowa State 2024
0.10758616,0,Colorado,2024,Colorado 2024
0.131221378,0,Washington State,2024,Washington State 2024
0.059091974,0,Western Kentucky,2024,Western Kentucky 2024
0.016473004,0,Saint Peter's,2024,Saint Peter's 2024
0.126987156,0,Clemson,2024,Clemson 2024
0.092795557,0,Nebraska,2024,Nebraska 2024
0.089670681,0,Colorado State,2024,Colorado State 2024
0.283258441,0,Baylor,2024,Baylor 2024
0.180840508,0,Michigan State,2024,Michigan State 2024
0.383678605,0,Kansas,2024,Kansas 2024
0.292740544,0,Wisconsin,2024,Wisconsin 2024
0.106332601,0,Northwestern,2024,Northwestern 2024
0.162876662,0,Texas Tech,2024,Texas Tech 2024
0.042988764,0,Stetson,2024,Stetson 2024
-0.006116611,0,Howard,2024,Howard 2024
0.074885425,0,UAB,2024,UAB 2024
0.06109331,0,Montana State,2024,Montana State 2024
0.13679892,0,South Carolina,2024,South Carolina 2024
0.111417872,0,TCU,2024,TCU 2024
0.264831035,0,Brigham Young,2024,Brigham Young 2024
0.04627647,0,Wagner,2024,Wagner 2024
0.033242291,0,Duquesne,2024,Duquesne 2024
0.126324833,0,Oregon,2024,Oregon 2024
0.174725973,0,Virginia,2024,Virginia 2024
0.116768398,0,Mississippi State,2024,Mississippi State 2024
0.264619277,0,Texas A&M,2024,Texas A&M 2024
0.014708032,0,Long Beach State,2024,Long Beach State 2024
0.034962998,0,Longwood,2024,Longwood 2024
0.129462474,0,NC State,2024,NC State 2024
