season,Team,AP_Pre 1,AP_Week 2,AP_Week 3,AP_Week 4,AP_Week 5,AP_Week 6,AP_Week 7,AP_Week 8,AP_Week 9,AP_Week 10,AP_Week 11,AP_Week 12,AP_Week 13,AP_Week 14,AP_Week 15,AP_Week 16,AP_Week 17,AP_Week 18,AP_Final
2024,Clemson,0,0,0,0,24,13,18,18,16,21,0,0,0,0,0,0,0,0,0
2024,Colorado,0,25,18,0,0,0,0,0,0,0,0,0,0,0,0,0,0,0,0
2024,Colorado State,0,0,0,20,13,17,16,15,13,17,0,24,0,0,0,22,0,0,0
2024,Florida,0,0,0,0,0,0,0,0,0,0,0,0,0,0,0,24,24,0,0
2024,Indiana State,0,0,0,0,0,0,0,0,0,0,0,0,0,0,23,0,0,0,0
2024,James Madison,0,24,22,22,18,20,20,20,19,0,0,0,0,0,0,0,0,0,0
2024,Memphis,0,0,0,0,0,0,23,19,15,13,10,19,0,0,0,0,0,0,0
2024,Mississippi State,0,0,25,21,0,0,0,0,0,0,0,0,0,0,0,0,0,0,0
2024,New Mexico,0,0,0,0,0,0,0,0,0,0,0,25,19,25,0,0,0,0,0
2024,Northwestern,0,0,0,0,0,25,0,0,0,0,0,0,0,0,0,0,0,0,0
2024,Oklahoma,0,0,0,25,19,11,7,12,11,9,15,11,23,0,25,0,0,0,0
2024,Ole Miss,0,0,0,0,0,0,25,24,22,0,22,0,0,0,0,0,0,0,0
2024,Providence,0,0,0,0,0,0,0,25,23,0,0,0,0,0,0,0,0,0,0
2024,TCU,0,0,0,0,0,0,0,0,0,0,19,0,25,0,0,0,0,0,0
2024,Texas Tech,0,0,0,0,0,0,0,0,0,0,25,20,15,23,0,23,0,0,0
2024,Virginia,0,0,24,0,0,22,22,0,0,0,0,0,0,0,21,0,0,0,0
2024,Wisconsin,0,0,0,0,23,23,24,23,21,15,11,13,6,11,20,0,0,0,0
2024,Iowa State,0,0,0,0,0,0,0,0,0,0,24,23,12,14,10,6,8,6,0
2024,Auburn,0,0,0,0,0,0,0,0,25,16,13,8,16,12,13,14,11,13,0
2024,South Carolina,0,0,0,0,0,0,0,0,0,0,0,0,0,15,11,20,18,17,0
2024,Washington State,0,0,0,0,0,0,0,0,0,0,0,0,0,0,0,21,19,18,0
2024,BYU,0,0,0,19,14,18,17,14,12,18,20,21,22,21,19,25,0,20,0
2024,Utah State,0,0,0,0,0,0,0,0,0,20,16,18,17,22,0,0,22,22,0
2024,South Florida,0,0,0,0,0,0,0,0,0,0,0,0,0,0,0,0,25,24,0
2024,Dayton,0,0,0,0,0,0,0,0,0,0,21,16,21,18,16,16,21,25,0
2024,Kansas,1,1,1,5,2,2,2,2,2,3,3,7,8,4,6,9,7,14,0
2024,Duke,2,9,9,7,22,21,21,16,14,12,7,12,7,9,9,8,10,9,0
2024,Purdue,3,2,2,1,4,3,1,1,1,1,2,2,2,2,2,3,2,3,0
2024,Michigan State,4,18,21,0,0,0,0,0,0,0,0,0,0,0,0,0,0,0,0
2024,Marquette,5,4,4,3,8,7,6,10,7,11,17,14,9,7,4,7,5,8,0
2024,UConn,6,5,5,4,5,5,5,5,4,4,1,1,1,1,1,1,3,2,0
2024,Houston,7,6,6,6,3,4,3,3,3,2,5,4,4,5,3,2,1,1,0
2024,Creighton,8,8,8,15,10,8,12,22,0,22,18,17,13,19,17,15,12,10,0
2024,Tennessee,9,7,7,10,17,12,8,6,5,5,6,5,5,6,8,5,4,4,0
2024,Florida Atlantic,10,10,19,13,11,15,14,7,17,24,23,22,20,20,24,0,0,0,0
2024,Gonzaga,11,11,11,11,7,10,15,13,24,23,0,0,0,0,0,0,23,19,0
2024,Arizona,12,3,3,2,1,1,4,4,10,8,12,9,11,8,5,4,6,5,0
2024,Miami (FL),13,12,10,8,15,24,0,0,0,0,0,0,0,0,0,0,0,0,0
2024,Arkansas,14,14,20,0,0,0,0,0,0,0,0,0,0,0,0,0,0,0,0
2024,Texas A&M,15,13,12,14,21,0,0,0,0,0,0,0,0,0,0,0,0,0,0
2024,Kentucky,16,17,16,12,16,14,9,8,6,6,8,6,10,17,22,17,16,15,0
2024,San Diego State,17,0,0,0,25,0,0,0,0,19,0,0,0,24,0,19,20,21,0
2024,Texas,18,19,15,16,12,19,19,21,20,25,0,0,0,0,0,0,0,0,0
2024,UNC,19,20,14,17,9,9,11,9,8,7,4,3,3,3,7,10,9,7,0
2024,Baylor,20,15,13,9,6,6,10,17,18,14,9,15,18,13,12,11,15,11,0
2024,USC,21,16,23,0,0,0,0,0,0,0,0,0,0,0,0,0,0,0,0
2024,Villanova,22,21,0,18,0,0,0,0,0,0,0,0,0,0,0,0,0,0,0
2024,Saint Mary's,23,0,0,0,0,0,0,0,0,0,0,0,0,0,18,18,17,23,0
2024,Alabama,24,22,17,23,0,0,0,0,0,0,0,0,24,16,15,13,14,16,0
2024,Illinois,25,23,0,24,20,16,13,11,9,10,14,10,14,10,14,12,13,12,0
2023,Wisconsin,0,0,0,0,0,22,17,15,14,18,0,0,0,0,0,0,0,0,0
2023,West Virginia,0,0,0,0,0,0,0,24,0,0,0,0,0,0,0,0,0,0,0
2023,Virginia Tech,0,0,0,0,0,24,21,0,0,0,0,0,0,0,0,0,0,0,0
2023,Rutgers,0,0,0,0,0,0,0,0,0,0,23,0,0,24,0,0,0,0,0
2023,Providence,0,0,0,0,0,0,0,0,0,19,22,23,17,20,24,20,20,0,0
2023,Pittsburgh,0,0,0,0,0,0,0,0,0,0,0,0,0,0,0,0,25,0,0
2023,Ohio State,0,0,0,25,25,23,0,0,24,0,0,0,0,0,0,0,0,0,0
2023,Northwestern,0,0,0,0,0,0,0,0,0,0,0,0,0,0,0,21,0,0,0
2023,New Mexico,0,0,0,0,0,0,0,22,21,0,0,25,0,0,0,0,0,0,0
2023,NC State,0,0,0,0,0,0,0,0,0,0,0,0,0,22,23,0,0,0,0
2023,Mississippi State,0,0,0,0,23,17,15,21,0,0,0,0,0,0,0,0,0,0,0
2023,Michigan State,0,0,12,20,0,0,0,0,0,0,0,0,0,0,0,0,0,0,0
2023,Maryland,0,0,23,22,13,20,0,0,0,0,0,0,0,0,0,0,21,0,0
2023,Iowa State,0,0,0,23,20,0,0,0,25,14,12,12,13,11,19,23,0,0,0
2023,Iowa,0,0,25,0,0,0,0,0,0,0,0,0,0,0,0,0,0,0,0
2023,Charleston,0,0,0,0,0,0,0,0,23,22,18,18,0,0,0,0,0,0,0
2023,Clemson,0,0,0,0,0,0,0,0,0,0,19,24,20,0,0,0,0,0,0
2023,Arizona State,0,0,0,0,0,0,25,0,0,0,0,0,0,0,0,0,0,0,0
2023,North Carolina,1,1,1,18,0,0,0,25,0,0,0,0,0,0,0,0,0,0,0
2023,Kentucky,4,4,15,19,16,13,19,19,0,0,0,0,0,0,0,0,23,23,0
2023,Creighton,9,10,10,7,21,0,0,0,0,0,0,0,0,23,18,19,0,24,0
2023,Arkansas,10,9,9,11,9,10,10,9,13,15,25,0,0,0,0,0,0,0,0
2023,Auburn,15,13,13,15,11,19,23,20,22,21,16,15,25,0,0,0,0,0,0
2023,Villanova,16,0,0,0,0,0,0,0,0,0,0,0,0,0,0,0,0,0,0
2023,Oregon,21,0,0,0,0,0,0,0,0,0,0,0,0,0,0,0,0,0,0
2023,Michigan,22,20,0,0,0,0,0,0,0,0,0,0,0,0,0,0,0,0,0
2023,Illinois,23,19,16,16,17,18,16,0,0,0,0,0,0,0,0,0,0,0,0
2023,Dayton,24,21,0,0,0,0,0,0,0,0,0,0,0,0,0,0,0,0,0
2023,Texas Tech,25,23,21,0,0,0,0,0,0,0,0,0,0,0,0,0,0,0,0
2023,Alabama,20,18,18,11,8,4,9,8,7,4,4,2,4,3,1,2,2,4,1
2023,Houston,3,3,2,1,1,5,3,3,2,1,1,3,3,2,2,1,1,1,2
2023,Purdue,0,0,24,5,4,1,1,1,1,3,3,1,1,1,3,5,5,5,3
2023,Kansas,5,6,3,9,6,8,4,4,3,2,2,9,8,9,5,3,3,3,4
2023,Texas,12,11,4,2,2,7,7,6,6,10,7,10,10,5,6,8,9,7,5
2023,Marquette,0,0,0,0,0,0,24,0,0,25,20,16,14,10,11,10,6,6,6
2023,UCLA,8,8,19,21,19,16,13,11,10,7,5,8,9,7,4,4,4,2,7
2023,Arizona,17,14,14,4,10,9,5,5,5,9,11,6,5,4,8,7,8,8,8
2023,Gonzaga,2,2,6,14,18,15,11,10,9,8,6,14,12,16,13,12,10,9,9
2023,Connecticut,0,25,20,8,5,3,2,2,4,6,15,19,24,21,20,18,14,11,10
2023,Baylor,5,5,7,6,12,11,12,12,19,0,21,17,11,14,9,9,7,10,11
2023,Duke,7,7,8,17,15,12,14,17,16,24,0,0,0,0,0,0,0,21,12
2023,Xavier,0,0,0,0,0,0,0,22,18,12,8,13,16,13,16,16,19,15,13
2023,Virginia,18,16,5,3,3,2,6,13,11,13,10,7,6,8,7,6,13,13,14
2023,Kansas State,0,0,0,0,0,0,0,0,0,11,13,5,7,12,12,14,11,12,15
2023,Miami (FL),0,0,0,0,0,25,22,14,12,16,17,20,23,19,15,13,16,14,16
2023,Texas A&M,0,24,0,0,0,0,0,0,0,0,0,0,0,0,0,25,24,18,17
2023,San Diego State,19,17,17,24,22,0,0,0,0,23,0,0,22,25,21,22,18,20,18
2023,Saint Mary's,0,0,0,0,0,0,0,0,0,0,0,22,18,15,17,15,17,16,19
2023,Tennessee,11,22,22,13,7,6,8,7,8,5,9,4,2,6,10,11,12,17,20
2023,Indiana,13,12,11,10,14,14,18,16,15,0,0,0,21,18,14,17,15,19,21
2023,Texas Christian,14,15,0,0,24,21,20,18,17,17,14,11,15,17,22,24,22,22,22
2023,Missouri,0,0,0,0,0,0,0,0,20,20,0,0,0,0,0,0,0,25,23
2023,Memphis,0,0,0,0,0,0,0,0,0,0,0,0,0,0,0,0,0,0,24
2023,Florida Atlantic,0,0,0,0,0,0,0,0,0,0,24,21,19,0,25,0,0,0,25
2022,Xavier,0,0,25,0,0,22,18,23,22,17,20,21,21,25,0,0,0,0,0
2022,Wyoming,0,0,0,0,0,0,0,0,0,0,0,0,0,0,22,0,0,0,0
2022,Seton Hall,0,0,21,25,23,16,15,15,24,20,0,0,0,0,0,0,0,0,0
2022,Michigan State,0,0,0,22,19,12,11,10,10,10,14,10,13,17,19,0,0,0,0
2022,Marquette,0,0,0,0,0,0,0,0,0,0,0,22,24,18,0,0,0,0,0
2022,Loyola (IL),0,0,0,0,0,0,0,0,0,0,22,0,0,0,0,0,0,0,0
2022,LSU,0,0,0,0,25,19,17,16,21,12,13,19,25,0,0,0,0,0,0
2022,Iowa State,0,0,0,19,17,11,9,8,11,15,15,23,20,0,0,0,0,0,0
2022,Florida,0,24,23,14,20,0,0,0,0,0,0,0,0,0,0,0,0,0,0
2022,Davidson,0,0,0,0,0,0,0,0,0,0,0,25,0,0,0,0,0,0,0
2022,Brigham Young,0,0,18,12,24,0,0,0,0,0,0,0,0,0,0,0,0,0,0
2022,Michigan,6,4,20,24,0,0,0,0,0,0,0,0,0,0,0,0,0,0,0
2022,Memphis,12,11,9,18,0,0,0,0,0,0,0,0,0,0,0,0,0,0,0
2022,Oregon,13,12,0,0,0,0,0,0,0,0,0,0,0,0,0,0,0,0,0
2022,Alabama,14,14,10,16,9,6,10,19,15,24,0,0,0,0,25,24,25,0,0
2022,Ohio State,17,19,0,0,21,15,14,13,13,16,19,16,16,16,18,22,23,0,0
2022,North Carolina,19,18,0,0,0,0,0,0,0,0,0,0,0,0,0,0,0,25,0
2022,Florida State,20,0,0,0,0,0,0,0,0,0,0,0,0,0,0,0,0,0,0
2022,Maryland,21,20,0,0,0,0,0,0,0,0,0,0,0,0,0,0,0,0,0
2022,St. Bonaventure,23,22,16,0,0,0,0,0,0,0,0,0,0,0,0,0,0,0,0
2022,Virginia,25,0,0,0,0,0,0,0,0,0,0,0,0,0,0,0,0,0,0
2022,Gonzaga,1,1,1,3,5,5,4,4,4,2,1,2,2,2,1,1,1,1,1
2022,Arizona,0,0,17,11,11,8,6,9,8,6,3,3,7,4,3,2,2,2,2
2022,Kansas,3,3,4,8,8,7,7,6,6,9,7,5,10,8,6,5,6,6,3
2022,Baylor,8,9,6,4,2,1,1,1,1,1,5,4,8,10,7,10,3,3,4
2022,Tennessee,18,17,15,13,13,18,19,14,18,22,24,18,22,19,16,17,13,9,5
2022,Villanova,4,5,7,6,6,9,23,22,19,14,11,14,12,15,10,8,11,8,6
2022,Kentucky,10,13,10,9,10,21,20,18,16,18,12,12,5,5,4,6,7,5,7
2022,Auburn,22,21,19,21,18,13,12,11,9,4,2,1,1,1,2,3,5,4,8
2022,Duke,9,7,5,1,3,2,2,2,2,8,6,9,9,7,9,7,4,7,9
2022,Purdue,7,6,3,2,1,3,3,3,3,7,4,6,4,3,5,4,8,9,10
2022,UCLA,2,2,2,5,4,4,5,5,5,3,9,7,3,12,13,12,17,13,11
2022,Texas Tech,0,0,0,0,0,25,25,25,25,19,18,13,14,9,11,9,12,14,12
2022,Providence,0,0,0,0,0,0,22,21,16,23,21,17,15,11,8,11,9,11,13
2022,Wisconsin,0,0,0,23,22,0,24,24,23,13,8,11,11,14,15,13,10,12,14
2022,Houston,15,15,12,15,14,14,13,12,12,11,10,7,6,6,14,14,14,18,15
2022,Iowa,0,0,0,0,0,0,0,0,0,0,0,0,0,0,0,25,24,24,16
2022,Arkansas,16,16,13,10,12,24,0,0,0,0,0,0,0,0,23,18,14,15,17
2022,Saint Mary's,0,0,0,0,0,0,0,0,0,0,0,0,0,22,0,23,19,17,18
2022,Illinois,11,10,14,0,0,0,0,0,0,25,17,24,18,13,12,15,20,16,19
2022,Murray State,0,0,0,0,0,0,0,0,0,0,0,0,0,23,21,19,22,19,20
2022,Connecticut,24,23,22,17,15,20,0,0,0,0,25,20,17,24,24,21,18,20,21
2022,USC,0,25,24,20,16,10,8,7,7,5,16,15,19,21,17,16,16,21,22
2022,Boise State,0,0,0,0,0,0,0,0,0,0,0,0,0,0,0,0,0,0,23
2022,Colorado State,0,0,0,0,0,23,21,20,20,0,0,0,0,0,0,0,0,23,24
2022,Texas,5,8,8,7,7,17,16,17,14,21,23,0,23,20,20,20,21,22,25
2021,Alabama,0,0,0,0,0,0,0,0,18,9,10,11,8,6,8,6,5,0,0
2021,Arkansas,0,0,0,0,0,0,0,0,0,0,0,0,24,20,12,8,10,0,0
2021,Oklahoma State,0,0,0,0,0,0,0,0,0,0,0,23,0,0,17,12,11,0,0
2021,San Diego State,0,0,24,18,0,0,0,0,0,0,0,0,25,22,19,19,16,0,0
2021,Loyola (IL),0,0,0,0,0,0,0,0,0,0,0,22,22,21,20,18,17,0,0
2021,Purdue,0,0,0,0,0,0,0,0,0,0,24,24,0,0,23,20,20,0,0
2021,Colorado,0,0,0,0,0,0,0,0,0,0,0,0,0,0,24,23,22,0,0
2021,Brigham Young,0,0,0,0,0,0,0,0,0,0,0,0,0,0,0,0,23,0,0
2021,USC,0,0,0,0,0,0,0,0,0,0,0,20,17,19,0,24,24,0,0
2021,Virginia Tech,0,16,15,0,24,24,19,20,16,20,16,18,18,16,22,22,25,0,0
2021,Xavier,0,0,0,0,22,0,0,0,0,0,0,0,0,0,0,0,0,0,0
2021,Connecticut,0,0,0,0,0,0,0,25,23,0,0,0,0,0,0,0,0,0,0
2021,Saint Louis,0,0,0,0,0,0,23,24,25,22,0,0,0,0,0,0,0,0,0
2021,Richmond,0,19,19,0,0,0,0,0,0,0,0,0,0,0,0,0,0,0,0
2021,Oklahoma,0,0,0,0,0,0,0,0,0,24,9,12,9,7,16,25,0,0,0
2021,Northwestern,0,0,0,0,0,19,0,0,0,0,0,0,0,0,0,0,0,0,0
2021,Missouri,0,0,0,16,14,12,13,17,19,12,18,10,20,24,0,0,0,0,0
2021,Minnesota,0,0,0,0,0,21,16,23,17,21,0,0,0,0,0,0,0,0,0
2021,Louisville,0,0,25,23,0,0,0,16,0,25,0,0,0,0,0,0,0,0,0
2021,Florida,0,0,0,0,0,0,0,0,0,0,22,0,0,0,0,0,0,0,0
2021,Drake,0,0,0,0,0,0,0,0,0,0,25,0,0,0,0,0,0,0,0
2021,Clemson,0,0,0,24,0,0,19,12,20,0,0,0,0,0,0,0,0,0,0
2021,Gonzaga,1,1,1,1,1,1,1,1,1,1,1,1,1,1,1,1,1,0,0
2021,Baylor,2,2,2,2,2,2,2,2,2,2,2,2,2,2,3,2,3,0,0
2021,Villanova,3,12,9,7,5,4,3,3,3,3,3,5,10,8,10,14,18,0,0
2021,Virginia,4,15,18,17,16,23,22,18,13,8,14,9,7,15,21,16,15,0,0
2021,Iowa,5,3,3,3,4,10,5,5,4,7,8,15,11,9,5,5,8,0,0
2021,Kansas,6,7,5,5,3,3,6,6,9,15,23,0,23,17,13,11,12,0,0
2021,Wisconsin,7,4,13,12,9,6,8,9,10,14,19,21,21,23,25,0,0,0,0
2021,Illinois,8,5,6,13,18,15,12,14,22,19,12,6,5,5,4,3,2,0,0
2021,Duke,9,6,10,21,20,20,21,19,0,0,0,0,0,0,0,0,0,0,0
2021,Kentucky,10,20,0,0,0,0,0,0,0,0,0,0,0,0,0,0,0,0,0
2021,Creighton,11,9,8,9,13,11,7,8,11,17,15,19,14,13,14,17,19,0,0
2021,Tennessee,12,13,12,10,8,7,9,10,6,18,11,16,19,25,0,0,0,0,0
2021,Michigan State,13,8,4,4,12,17,23,0,0,0,0,0,0,0,0,0,0,0,0
2021,Texas Tech,14,17,17,14,15,13,18,15,12,10,13,7,15,18,18,20,21,0,0
2021,West Virginia,15,11,11,8,7,9,14,13,14,11,17,14,13,10,6,10,13,0,0
2021,North Carolina,16,14,16,22,17,0,0,0,0,0,0,0,0,0,0,0,0,0,0
2021,Houston,17,10,7,6,6,5,11,11,8,6,5,8,6,12,9,7,6,0,0
2021,Arizona State,18,25,23,0,0,0,0,0,0,0,0,0,0,0,0,0,0,0,0
2021,Texas,19,17,13,11,10,8,4,4,5,5,6,13,12,14,15,13,9,0,0
2021,Oregon,20,21,0,0,25,21,17,22,21,0,0,0,0,0,0,0,0,0,0
2021,Florida State,21,22,20,15,21,18,25,0,0,16,20,17,16,11,11,15,14,0,0
2021,UCLA,22,0,0,0,0,0,0,0,24,23,21,0,0,0,0,0,0,0,0
2021,Ohio State,23,23,22,20,23,25,0,21,15,13,7,4,4,4,7,9,7,0,0
2021,Rutgers,24,24,21,19,11,14,15,0,0,0,0,25,0,0,0,0,0,0,0
2021,Michigan,25,0,0,25,19,16,10,7,7,4,4,3,3,3,2,4,4,0,0
2019,Iowa State,0,0,0,0,0,0,0,0,0,20,0,24,20,17,23,19,0,0,0
2019,Utah State,0,0,0,0,0,0,0,0,0,0,0,0,0,0,0,0,0,0,0
2019,Texas,0,0,0,17,0,0,0,0,0,0,0,0,0,0,0,0,0,0,0
2019,St. John's,0,0,0,0,0,0,0,0,0,24,0,0,0,0,0,0,0,0,0
2019,Ole Miss,0,0,0,0,0,0,0,0,0,0,18,20,0,0,0,0,0,0,0
2019,Oklahoma,0,0,0,0,0,0,0,25,23,23,20,0,0,0,0,0,0,0,0
2019,Ohio State,0,0,23,16,19,15,15,13,14,16,0,0,0,0,0,0,0,0,0
2019,Nebraska,0,0,0,0,24,0,25,0,24,0,0,0,0,0,0,0,0,0,0
2019,NC State,0,0,0,0,0,0,0,20,18,15,17,21,23,0,0,0,0,0,0
2019,Louisville,0,0,0,0,0,0,0,0,0,0,0,23,15,16,16,18,0,0,0
2019,Iowa,0,0,20,14,18,22,23,24,25,0,23,19,0,20,21,21,22,0,0
2019,Indiana,0,0,0,0,0,25,22,23,21,22,25,0,0,0,0,0,0,0,0
2019,Furman,0,0,0,0,25,23,24,0,0,0,0,0,0,0,0,0,0,0,0
2019,Arizona State,0,0,0,0,20,20,18,17,0,0,0,0,0,0,0,0,0,0,0
2019,UCF,0,0,0,0,0,0,0,0,0,0,0,0,0,0,0,0,0,25,0
2019,West Virginia,13,0,0,0,0,0,0,0,0,0,0,0,0,0,0,0,0,0,0
2019,Oregon,14,13,21,18,0,0,0,0,0,0,0,0,0,0,0,0,0,0,0
2019,Syracuse,16,15,0,0,0,25,0,0,0,0,0,0,0,0,0,0,0,0,0
2019,Mississippi State,18,17,15,25,22,18,17,19,17,14,24,22,22,0,0,0,0,0,0
2019,Texas Christian,20,21,18,0,0,0,0,0,0,25,0,0,0,0,0,0,0,0,0
2019,UCLA,21,20,17,0,0,0,0,0,0,0,0,0,0,0,0,0,0,0,0
2019,Clemson,22,19,16,0,0,0,0,0,0,0,0,0,0,0,0,0,0,0,0
2019,Washington,25,0,0,0,0,0,0,0,0,0,0,0,0,0,0,0,25,0,0
2019,Gonzaga,3,3,3,1,1,4,8,7,7,5,5,4,4,4,3,2,1,1,1
2019,Virginia,5,4,4,4,4,6,5,4,4,4,4,3,3,3,4,3,2,2,2
2019,North Carolina,8,7,7,11,14,12,9,14,15,12,13,11,9,8,8,8,5,3,3
2019,Kentucky,2,10,10,10,9,19,19,16,13,18,12,8,7,5,5,4,4,6,4
2019,Duke,4,1,1,3,3,2,2,1,1,1,1,2,2,2,2,1,3,4,5
2019,Michigan State,10,11,11,9,10,9,10,8,8,6,6,6,6,9,11,10,6,9,6
2019,Texas Tech,0,0,0,20,13,11,12,11,11,8,8,14,16,18,15,14,11,8,7
2019,Tennessee,6,5,5,6,7,3,3,3,3,3,3,1,1,1,1,5,7,5,8
2019,LSU,23,22,19,0,0,0,0,0,0,0,0,25,19,21,19,13,13,10,9
2019,Michigan,19,18,9,7,5,5,4,2,2,2,2,5,5,7,6,7,9,7,10
2019,Houston,0,0,0,0,0,24,21,22,19,17,21,17,13,12,9,9,8,12,11
2019,Florida State,17,14,14,15,11,10,11,9,9,13,11,0,25,22,17,16,18,14,12
2019,Purdue,24,23,24,19,0,0,0,0,0,0,0,0,17,15,12,15,14,11,13
2019,Nevada,7,6,6,5,6,7,6,6,6,10,10,7,8,6,7,6,12,17,14
2019,Kansas State,12,12,12,12,16,25,0,0,0,0,0,0,0,0,18,23,16,18,15
2019,Virginia Tech,15,16,13,13,15,13,13,10,10,9,9,10,12,11,22,20,20,15,16
2019,Kansas,1,2,2,2,2,1,1,5,5,7,7,9,11,13,14,12,15,13,17
2019,Buffalo,0,25,22,21,17,14,14,21,20,19,16,14,18,23,25,25,21,19,18
2019,Wisconsin,0,0,25,22,12,16,16,15,22,0,0,0,24,19,20,22,19,21,19
2019,Wofford,0,0,0,0,0,0,0,0,0,0,0,0,0,0,0,0,24,22,20
2019,Maryland,0,0,0,24,23,0,0,0,0,0,19,13,21,24,24,24,17,24,21
2019,Auburn,11,9,8,8,8,8,7,12,12,11,14,16,0,0,0,0,0,0,22
2019,Marquette,0,24,0,0,0,21,20,18,16,21,15,12,10,10,10,11,10,16,23
2019,Cincinnati,0,0,0,0,0,0,0,0,0,0,0,0,0,25,0,0,23,20,24
2019,Villanova,9,8,0,23,21,17,0,0,0,0,22,18,14,14,13,17,0,23,25
2018,Texas Christian,0,0,0,23,20,14,15,10,16,16,24,0,0,0,0,0,0,0,0
2018,Oklahoma,0,0,0,0,0,0,17,12,7,9,4,12,12,17,23,0,0,0,0
2018,Middle Tennessee State,0,0,0,0,0,0,0,0,0,0,0,0,0,0,0,24,24,0,0
2018,Florida State,0,0,0,0,0,19,24,24,24,23,0,0,0,0,0,25,0,0,0
2018,Creighton,0,0,0,25,0,0,25,25,0,25,0,0,0,0,0,0,0,0,0
2018,Arkansas,0,0,0,0,0,0,0,0,22,0,0,0,0,0,0,0,0,0,0
2018,Arizona State,0,0,0,20,16,5,3,3,4,11,16,21,25,0,25,0,0,0,0
2018,Alabama,0,0,25,24,0,0,0,0,0,0,0,0,0,0,0,0,0,0,0
2018,Rhode Island,0,0,0,0,0,0,0,0,0,0,0,24,22,18,16,18,17,25,0
2018,USC,10,10,10,14,25,0,0,0,0,0,0,0,0,0,0,0,0,0,0
2018,Notre Dame,14,13,13,5,9,18,0,0,0,0,0,0,0,0,0,0,0,0,0
2018,Minnesota,15,14,14,12,14,0,0,0,0,0,0,0,0,0,0,0,0,0,0
2018,Louisville,16,18,19,17,0,0,0,0,0,0,0,0,0,0,0,0,0,0,0
2018,Northwestern,19,20,0,0,0,0,0,0,0,0,0,0,0,0,0,0,0,0,0
2018,UCLA,21,23,24,0,0,0,0,0,0,0,0,0,0,0,0,0,0,0,0
2018,Seton Hall,23,22,20,0,19,15,23,23,21,13,19,0,0,0,0,0,0,0,0
2018,Baylor,24,25,22,16,23,21,19,18,0,0,0,0,0,0,0,0,0,0,0
2018,Texas A&M,25,16,16,9,7,9,8,5,11,0,0,0,0,0,21,0,0,0,0
2018,Virginia,0,0,0,18,15,16,13,9,8,3,2,2,2,2,1,1,1,1,1
2018,Villanova,6,5,5,4,4,1,1,1,3,1,1,1,1,1,3,3,4,2,2
2018,Xavier,17,15,15,21,13,10,9,6,5,10,11,8,6,5,4,4,3,3,3
2018,Kansas,4,4,3,2,2,13,14,11,10,12,10,5,7,10,13,8,6,9,4
2018,Michigan State,2,2,4,3,3,2,2,2,1,4,9,6,5,4,2,2,2,4,5
2018,Cincinnati,12,12,12,11,17,25,20,21,19,14,12,9,8,6,5,11,10,8,6
2018,Michigan,0,0,0,0,0,0,0,0,0,0,23,25,24,20,22,17,15,7,7
2018,Gonzaga,18,17,17,15,12,12,12,20,19,15,13,15,14,12,9,6,7,6,8
2018,Duke,1,1,1,1,1,4,4,4,2,7,5,4,4,9,12,5,5,5,9
2018,North Carolina,9,9,9,13,11,7,5,13,12,20,15,10,19,21,14,10,9,12,10
2018,Purdue,20,19,18,0,21,17,16,14,13,5,3,3,3,3,6,9,8,10,11
2018,Arizona,3,3,2,0,0,23,18,17,14,17,14,11,9,13,17,14,19,15,12
2018,Tennessee,0,0,0,0,24,20,21,19,23,24,21,22,18,15,18,19,16,13,13
2018,Texas Tech,0,0,0,22,0,24,22,22,18,8,8,14,10,7,7,6,12,14,14
2018,West Virginia,11,24,23,19,18,11,10,7,6,2,6,7,15,19,20,21,20,18,15
2018,Wichita State,7,6,6,8,6,3,11,8,9,6,7,17,16,22,19,13,11,11,16
2018,Ohio State,0,0,0,0,0,0,0,0,0,0,22,13,17,14,8,16,13,17,17
2018,Kentucky,5,7,8,7,8,8,7,16,17,21,18,0,21,24,0,0,23,0,18
2018,Auburn,0,0,0,0,0,0,0,0,0,22,17,19,11,8,10,12,14,16,19
2018,Clemson,0,0,0,0,0,0,0,0,25,19,20,18,20,16,11,15,18,19,20
2018,Houston,0,0,0,0,0,0,0,0,0,0,0,0,0,0,0,23,25,21,21
2018,Miami (FL),13,11,11,10,10,6,6,15,15,18,25,0,0,25,0,0,0,24,22
2018,Florida,8,8,7,6,5,22,0,0,0,0,0,20,23,0,0,0,0,23,23
2018,Nevada,0,0,0,0,22,0,0,0,0,0,0,23,0,23,24,20,21,22,24
2018,Saint Mary's,22,21,21,0,0,0,0,0,0,0,0,16,13,11,15,22,22,20,25
2017,Virginia Tech,0,0,0,0,0,0,0,0,21,0,0,0,0,0,0,0,0,0,0
2017,USC,0,0,0,0,0,24,23,22,25,25,0,0,0,0,0,0,0,0,0
2017,South Carolina,0,0,0,20,19,16,22,0,0,0,24,23,19,19,21,0,0,0,0
2017,Northwestern,0,0,0,0,0,0,0,0,0,0,0,0,25,0,0,0,0,0,0
2017,Minnesota,0,0,0,0,0,0,0,0,0,24,0,0,0,0,0,0,0,0,0
2017,Miami (FL),0,0,0,0,0,0,0,0,0,0,0,0,0,0,0,0,25,0,0
2017,Kansas State,0,0,0,0,0,0,0,0,0,25,0,0,0,0,0,0,0,0,0
2017,California,0,25,0,0,0,0,0,0,0,0,0,0,0,0,0,0,0,0,0
2017,Xavier,7,11,9,7,13,17,17,17,16,15,22,24,0,24,0,0,0,0,0
2017,Indiana,11,6,3,13,9,9,16,16,25,0,0,0,0,0,0,0,0,0,0
2017,Michigan State,12,13,24,0,0,0,0,0,0,0,0,0,0,0,0,0,0,0,0
2017,Connecticut,18,0,0,0,0,0,0,0,0,0,0,0,0,0,0,0,0,0,0
2017,Syracuse,19,18,18,22,0,0,0,0,0,0,0,0,0,0,0,0,0,0,0
2017,Texas,21,23,22,0,0,0,0,0,0,0,0,0,0,0,0,0,0,0,0
2017,Creighton,22,22,12,10,10,10,9,10,10,8,7,16,22,23,20,23,0,0,0
2017,Rhode Island,23,21,23,21,0,0,0,0,0,0,0,0,0,0,0,0,0,0,0
2017,Maryland,25,0,0,0,0,0,0,0,0,0,25,22,17,21,23,24,0,25,0
2017,Villanova,4,3,2,2,1,1,1,1,1,3,1,1,4,2,2,2,2,2,1
2017,Gonzaga,14,14,11,8,8,8,7,7,5,5,4,3,1,1,1,1,4,4,2
2017,Kansas,3,7,5,4,3,3,3,3,3,2,2,2,3,3,3,3,1,1,3
2017,Arizona,10,10,8,16,20,19,18,18,17,16,14,7,5,9,5,4,7,7,4
2017,Kentucky,2,2,1,1,6,6,6,8,6,6,5,4,8,15,13,11,9,8,5
2017,North Carolina,6,5,4,3,7,7,8,9,14,11,9,9,12,8,10,8,5,6,6
2017,Duke,1,1,6,5,5,5,5,5,8,7,18,17,21,18,12,10,17,14,7
2017,UCLA,16,16,14,11,2,2,2,2,4,4,3,8,11,10,6,5,3,3,8
2017,Oregon,5,4,13,23,24,22,20,21,15,13,11,10,13,5,7,6,6,5,9
2017,Louisville,13,12,10,14,11,11,10,6,9,14,12,13,6,4,8,7,8,10,10
2017,SMU,0,0,0,0,0,0,0,0,0,0,0,0,0,25,19,17,14,12,11
2017,Baylor,0,0,20,9,4,4,4,4,2,1,6,5,2,6,4,9,11,9,12
2017,West Virginia,20,19,19,25,15,12,11,11,7,10,7,18,7,13,9,12,10,11,13
2017,Notre Dame,0,0,0,0,23,21,25,24,23,20,15,14,20,0,25,21,19,22,14
2017,Purdue,15,15,17,15,18,15,15,15,20,17,21,20,23,16,16,14,16,13,15
2017,Florida State,0,0,25,0,0,23,21,20,12,9,10,6,15,14,17,19,15,16,16
2017,Iowa State,24,20,21,19,25,0,0,0,0,0,0,0,0,0,0,0,24,23,16
2017,Cincinnati,0,24,0,0,22,25,24,23,22,22,20,19,14,11,18,15,18,15,18
2017,Wichita State,0,0,0,0,0,0,0,0,0,0,0,0,0,0,0,25,21,20,19
2017,Florida,0,0,0,24,21,0,0,25,24,23,19,25,24,17,15,13,12,17,20
2017,Butler,0,0,0,18,16,18,13,13,18,12,13,11,16,22,24,22,13,18,21
2017,Saint Mary's,17,17,15,12,12,20,19,19,19,21,23,21,18,20,22,20,20,19,22
2017,Michigan,0,0,25,0,0,0,0,0,0,0,0,0,0,0,0,0,0,0,23
2017,Virginia,8,8,7,6,14,13,12,12,11,19,16,12,9,12,14,18,23,21,24
2017,Wisconsin,9,9,16,17,17,14,14,14,13,18,17,15,10,7,11,16,22,24,25
2016,USC,0,0,0,0,0,0,0,0,0,0,21,0,0,23,0,0,0,0,0
2016,UCLA,0,0,0,0,0,22,0,25,0,0,0,0,0,0,0,0,0,0,0
2016,Syracuse,0,0,0,14,0,0,0,0,0,0,0,0,0,0,0,0,0,0,0
2016,South Carolina,0,0,0,0,0,0,25,24,22,19,24,0,25,0,0,0,0,0,0
2016,Providence,0,0,0,23,15,14,10,12,8,12,16,10,11,20,23,0,0,0,0
2016,Pittsburgh,0,0,0,0,0,0,0,0,24,20,0,0,0,0,0,0,0,0,0
2016,George Washington,0,0,0,0,0,21,20,0,0,0,0,0,0,0,0,0,0,0,0
2016,Dayton,0,0,0,0,0,0,0,0,25,0,0,0,24,19,15,0,0,0,0
2016,Cincinnati,0,0,24,17,23,23,22,22,0,0,0,0,0,0,0,0,0,0,0
2016,Texas,0,0,0,0,0,0,0,0,0,0,0,0,0,24,24,25,23,23,0
2016,Gonzaga,9,10,10,13,20,0,0,0,0,25,0,0,0,0,0,0,0,0,0
2016,Wichita State,10,9,20,0,0,0,0,0,0,0,0,22,21,25,0,0,0,0,0
2016,Wisconsin,17,0,0,0,0,0,0,0,0,0,0,0,0,0,0,0,0,0,0
2016,Vanderbilt,18,17,19,16,21,0,0,0,0,0,0,0,0,0,0,0,0,0,0
2016,Notre Dame,19,18,17,0,0,0,0,0,0,0,0,25,0,0,19,23,0,0,0
2016,Connecticut,20,19,18,0,0,25,0,0,23,0,0,0,0,0,0,0,0,0,0
2016,LSU,21,23,22,0,0,0,0,0,0,0,0,0,0,0,0,0,0,0,0
2016,Butler,24,22,0,0,18,17,9,9,18,23,18,0,0,0,0,0,0,0,0
2016,Michigan,25,24,0,0,0,0,0,0,0,0,0,0,0,0,0,0,0,0,0
2016,Kansas,4,4,5,4,2,2,2,2,1,1,3,4,7,6,2,2,1,1,1
2016,Michigan State,13,13,3,3,1,1,1,1,5,4,11,12,10,8,8,6,2,2,2
2016,North Carolina,1,1,9,9,3,11,7,7,6,5,2,2,2,9,5,7,8,7,3
2016,Virginia,6,6,12,10,10,8,5,5,4,13,13,11,9,7,7,3,4,4,4
2016,Oregon,0,25,21,15,24,0,0,0,0,0,0,23,16,11,16,13,9,8,5
2016,Villanova,11,11,8,8,9,12,17,16,11,6,4,6,3,1,1,1,3,3,6
2016,Oklahoma,8,8,7,6,7,3,3,3,2,2,1,1,1,3,3,3,6,6,7
2016,West Virginia,0,0,0,20,14,20,19,19,17,11,6,9,14,10,10,14,10,9,8
2016,Xavier,0,0,23,12,12,10,6,6,10,7,5,7,6,5,8,5,5,5,9
2016,Miami (FL),0,0,15,21,17,15,13,13,12,8,15,15,17,12,11,12,7,11,10
2016,Kentucky,2,2,1,1,5,4,12,10,9,14,23,20,20,22,14,16,22,16,10
2016,Purdue,23,21,16,11,11,9,14,14,20,24,22,21,18,18,17,20,15,13,12
2016,Utah,16,16,0,0,25,0,24,21,0,0,0,0,0,0,0,22,13,12,13
2016,Indiana,15,14,13,0,0,0,0,0,0,0,25,19,22,0,22,18,12,10,14
2016,Texas A&M,0,0,25,18,0,24,21,20,21,15,10,5,8,15,0,21,20,17,15
2016,Louisville,0,0,0,24,22,19,16,18,16,21,17,16,19,13,18,11,11,14,16
2016,Arizona,12,12,11,19,13,13,8,8,7,18,12,18,23,17,12,8,18,15,17
2016,Maryland,3,3,2,2,6,6,4,4,3,3,7,8,4,2,6,10,14,18,18
2016,Duke,5,5,6,7,8,7,15,15,14,9,20,24,0,0,20,15,17,19,19
2016,Seton Hall,0,0,0,0,0,0,0,0,0,0,0,0,0,0,0,0,0,0,20
2016,Baylor,22,20,0,25,16,16,23,23,0,22,14,17,15,21,25,19,19,22,21
2016,Iowa State,7,7,4,5,4,5,11,11,13,17,19,14,13,14,13,17,21,21,22
2016,California,14,15,14,0,0,0,0,0,0,0,0,0,0,0,0,0,25,24,23
2016,SMU,0,0,25,22,19,18,18,17,15,10,8,13,12,16,21,24,24,25,24
2016,Iowa,0,0,0,0,0,0,0,0,19,16,9,3,5,4,4,8,16,20,25
2015,Wyoming,0,0,0,0,0,0,0,0,0,25,0,0,0,0,0,0,0,0,0
2015,Washington,0,0,0,0,17,16,13,21,0,0,0,0,0,0,0,0,0,0,0
2015,UCLA,0,0,22,0,0,0,0,0,0,0,0,0,0,0,0,0,0,0,0
2015,Texas Christian,0,0,0,0,0,0,25,0,0,0,0,0,0,0,0,0,0,0,0
2015,St. John's,0,0,0,0,24,20,17,15,24,0,0,0,0,0,0,0,0,0,0
2015,Seton Hall,0,0,0,0,0,0,0,0,19,21,24,0,0,0,0,0,0,0,0
2015,Providence,0,0,0,0,0,0,0,0,0,0,0,0,0,0,0,25,24,0,0
2015,Old Dominion,0,0,0,0,0,0,0,0,25,0,0,0,0,0,0,0,0,0,0
2015,Oklahoma State,0,0,0,0,0,0,0,0,0,24,0,0,0,22,22,0,0,0,0
2015,Murray State,0,0,0,0,0,0,0,0,0,0,0,0,0,0,0,0,25,0,0
2015,Miami (FL),0,0,17,15,20,18,0,0,0,0,0,23,0,0,0,0,0,0,0
2015,Iowa,0,0,0,0,0,0,0,0,0,0,25,0,0,0,0,0,0,0,0
2015,Indiana,0,0,0,0,0,0,0,0,0,0,23,22,0,0,0,0,0,0,0
2015,Illinois,0,0,0,24,0,0,0,0,0,0,0,0,0,0,0,0,0,0,0
2015,Dayton,0,0,0,0,0,0,0,0,0,0,22,0,0,0,0,0,0,0,0
2015,Creighton,0,0,23,0,0,0,0,0,0,0,0,0,0,0,0,0,0,0,0
2015,Colorado State,0,0,0,0,0,0,24,24,0,0,0,0,0,0,0,0,0,0,0
2015,Davidson,0,0,0,0,0,0,0,0,0,0,0,0,0,0,0,0,0,24,0
2015,Boise State,0,0,0,0,0,0,0,0,0,0,0,0,0,0,0,0,0,25,0
2015,Florida,7,8,18,0,0,0,0,0,0,0,0,0,0,0,0,0,0,0,0
2015,Texas,10,10,7,6,8,9,9,11,10,20,17,19,25,0,0,0,0,0,0
2015,San Diego State,16,16,15,13,18,19,0,0,0,0,0,0,0,0,0,24,0,0,0
2015,Connecticut,17,17,24,0,0,0,0,0,0,0,0,0,0,0,0,0,0,0,0
2015,Ohio State,20,20,16,14,12,12,21,20,22,0,0,0,20,23,24,0,23,0,0
2015,Nebraska,21,21,0,0,0,0,0,0,0,0,0,0,0,0,0,0,0,0,0
2015,Syracuse,23,23,0,0,0,0,0,0,0,0,0,0,0,0,0,0,0,0,0
2015,Michigan,24,24,19,17,0,0,0,0,0,0,0,0,0,0,0,0,0,0,0
2015,Harvard,25,0,0,0,0,0,0,0,0,0,0,0,0,0,0,0,0,0,0
2015,Kentucky,1,1,1,1,1,1,1,1,1,1,1,1,1,1,1,1,1,1,1
2015,Villanova,12,12,12,10,7,7,7,6,8,5,4,7,7,6,6,6,4,4,2
2015,Wisconsin,3,3,2,2,5,5,6,4,4,7,6,5,5,5,5,5,6,6,3
2015,Duke,4,4,4,4,2,2,2,2,2,4,5,4,4,4,4,4,3,2,4
2015,Arizona,2,2,3,3,3,3,3,8,7,10,7,6,6,7,7,7,5,5,5
2015,Virginia,9,9,8,7,6,6,5,3,3,2,2,2,3,2,2,2,2,3,6
2015,Gonzaga,13,13,10,9,9,8,8,7,6,3,3,3,2,3,3,3,7,7,7
2015,Notre Dame,0,0,0,0,25,21,16,14,13,12,8,8,10,10,10,9,12,11,8
2015,Iowa State,14,14,13,20,14,13,12,9,17,11,9,15,11,14,14,12,17,13,9
2015,Kansas,5,5,11,11,10,10,10,13,12,9,11,9,8,8,8,8,9,9,10
2015,Northern Iowa,0,0,0,0,23,0,23,23,0,23,20,18,14,13,11,10,11,10,11
2015,Maryland,0,0,0,21,19,17,15,12,11,14,13,16,17,19,16,14,10,8,12
2015,Oklahoma,19,18,0,22,16,15,19,18,16,18,19,24,21,17,17,16,15,15,13
2015,Wichita State,11,11,9,8,11,11,11,16,15,13,14,12,16,15,13,11,8,12,14
2015,North Carolina,6,6,5,12,21,24,20,19,18,15,15,13,12,12,15,15,19,19,15
2015,Baylor,0,0,0,0,0,0,22,22,21,22,21,20,19,16,20,19,14,16,16
2015,Louisville,8,7,6,5,4,4,4,5,5,6,10,10,9,9,12,17,16,14,17
2015,SMU,22,22,0,0,0,0,0,0,0,0,0,0,23,25,21,21,22,20,18
2015,Utah,25,25,0,25,13,14,14,10,9,8,12,11,13,11,9,13,13,17,19
2015,West Virginia,0,0,21,16,22,22,18,17,14,16,18,17,15,21,23,20,20,18,20
2015,Arkansas,0,0,25,18,0,0,0,0,23,19,0,0,0,24,18,18,18,21,21
2015,Georgetown,0,0,0,0,0,0,0,25,0,0,0,21,24,0,0,0,0,23,22
2015,Michigan State,18,19,20,19,0,25,0,0,0,0,0,0,0,0,0,0,0,0,23
2015,Butler,0,0,0,23,15,23,0,0,0,0,0,25,22,18,19,23,21,22,24
2015,VCU,15,15,14,0,0,0,0,0,20,17,16,14,18,20,25,22,0,0,25
2014,UMass Lowell,0,0,0,24,21,22,22,23,23,19,16,13,21,0,0,0,0,0,0
2014,Texas,0,0,0,0,0,0,0,0,0,0,0,0,25,15,19,19,24,0,0
2014,Pittsburgh,0,0,0,0,0,0,0,0,0,0,22,20,18,25,25,0,0,0,0
2014,Missouri,0,0,0,0,0,24,23,25,25,21,0,0,0,0,0,0,0,0,0
2014,Kansas State,0,0,0,0,0,0,0,0,0,25,0,22,0,0,0,0,0,0,0
2014,Illinois,0,0,0,0,0,0,0,0,0,23,0,0,0,0,0,0,0,0,0
2014,Dayton,0,0,0,0,25,0,0,0,0,0,0,0,0,0,0,0,0,0,0
2014,Colorado,0,0,0,0,0,21,20,21,20,15,21,0,0,0,0,0,0,0,0
2014,Iowa,0,0,0,23,23,23,25,22,22,20,14,10,15,17,16,15,20,24,0
2014,Kentucky,1,1,4,3,3,11,19,18,15,14,13,14,11,18,14,18,17,25,0
2014,Oklahoma State,9,8,7,5,9,7,7,7,6,11,9,11,8,19,0,0,0,0,0
2014,Gonzaga,15,15,13,11,19,20,21,24,24,22,0,0,0,23,0,25,0,0,0
2014,Marquette,17,17,25,25,0,0,0,0,0,0,0,0,0,0,0,0,0,0,0
2014,Oregon,19,18,17,14,13,15,13,12,10,17,0,0,0,0,0,0,0,0,0
2014,Notre Dame,21,21,0,0,0,0,0,0,0,0,0,0,0,0,0,0,0,0,0
2014,UCLA,22,24,22,19,18,0,0,0,0,0,0,0,0,0,0,23,0,0,0
2014,Baylor,25,23,20,18,20,14,12,11,9,7,12,24,0,0,0,0,0,0,0
2014,Florida,10,11,16,15,15,19,16,13,12,10,7,6,3,3,3,2,1,1,1
2014,Wichita State,16,16,14,12,11,12,11,10,8,6,5,5,4,4,4,3,2,2,2
2014,Villanova,0,0,0,0,14,10,8,8,11,8,6,4,9,6,6,9,8,6,3
2014,Arizona,6,6,5,4,2,1,1,1,1,1,1,1,1,2,2,4,3,3,4
2014,Louisville,3,3,3,9,7,6,6,6,14,12,18,12,12,14,13,11,7,11,5
2014,Virginia,24,25,0,0,0,0,0,0,0,0,0,0,0,20,17,14,12,5,6
2014,Duke,4,4,6,6,10,8,8,8,7,16,23,18,17,11,8,5,6,4,7
2014,Michigan,7,7,15,22,22,0,0,0,0,0,0,21,10,10,15,20,16,12,8
2014,San Diego State,0,0,0,0,24,25,24,20,21,13,10,7,5,5,5,6,13,10,9
2014,Kansas,5,5,2,2,6,13,18,16,16,18,15,8,6,8,7,8,5,8,10
2014,Syracuse,8,9,9,8,4,2,2,2,2,2,2,2,2,1,1,1,4,7,11
2014,Wisconsin,20,20,12,10,8,4,4,4,4,4,3,9,14,0,21,16,14,9,12
2014,Cincinnati,0,0,0,0,0,0,0,0,0,0,19,15,13,7,10,7,11,15,13
2014,Creighton,0,0,23,20,0,0,0,0,0,0,20,0,20,12,18,12,9,13,14
2014,North Carolina,12,12,24,16,0,18,14,19,19,0,0,0,0,0,0,0,19,14,15
2014,Iowa State,0,0,21,17,17,17,17,14,13,9,8,16,16,16,11,17,15,16,16
2014,Oklahoma,0,0,0,0,0,0,0,0,0,0,25,25,23,21,0,0,0,23,17
2014,Saint Louis,0,0,0,0,0,0,0,0,0,0,24,19,19,13,12,10,10,17,18
2014,Memphis,13,13,11,21,16,16,15,17,18,24,17,23,22,24,20,22,21,20,19
2014,New Mexico,23,22,19,0,0,0,0,0,0,0,0,0,0,0,0,0,25,21,20
2014,Connecticut,18,19,18,13,12,9,10,15,17,0,0,0,0,22,24,21,0,19,21
2014,Michigan State,2,2,1,1,1,5,5,5,5,5,4,3,7,9,9,13,18,22,22
2014,VCU,14,14,10,0,0,0,0,0,0,0,0,0,0,0,0,0,0,0,23
2014,Ohio State,11,10,8,7,5,3,3,3,3,3,11,17,24,0,22,24,22,0,24
2014,SMU,0,0,0,0,0,0,0,0,0,0,0,0,0,0,23,0,23,18,25
2013,Wichita State,0,0,0,0,24,23,0,0,0,23,0,20,15,0,0,0,0,0,0
2013,Connecticut,0,23,21,0,0,0,0,0,0,0,0,0,0,0,0,0,0,0,0
2013,Ole Miss,0,0,0,0,0,0,0,0,0,0,0,23,16,0,0,0,0,0,0
2013,Minnesota,0,0,0,21,14,13,13,11,9,8,9,12,23,18,0,0,0,0,0
2013,Louisiana Tech,0,0,0,0,0,0,0,0,0,0,0,0,0,0,0,0,25,0,0
2013,Illinois,0,0,0,22,13,10,10,12,11,12,23,0,0,0,0,0,0,0,0
2013,Colorado State,0,0,0,0,0,0,0,0,0,0,0,0,0,0,24,22,0,0,0
2013,Colorado,0,0,23,19,0,0,0,0,0,0,0,0,0,0,0,0,0,0,0
2013,Butler,0,0,0,0,0,0,19,18,17,14,13,9,9,14,11,15,20,0,0
2013,Oregon,0,0,0,0,0,0,0,0,0,0,21,16,10,19,23,23,24,19,0
2013,Kentucky,3,3,8,8,0,0,0,0,0,0,0,0,0,0,25,0,0,0,0
2013,NC State,6,6,16,18,25,25,25,23,23,20,14,18,19,0,0,0,0,0,0
2013,North Carolina,11,11,9,14,20,21,23,0,0,0,0,0,0,0,0,0,0,0,0
2013,Missouri,15,14,13,16,12,12,12,7,12,10,17,22,17,21,0,0,0,0,0
2013,UNLV,18,18,18,24,21,20,21,20,0,24,0,0,0,0,0,0,0,0,0
2013,Baylor,19,16,24,0,0,0,0,0,0,0,0,0,0,0,0,0,0,0,0
2013,San Diego State,20,25,25,23,17,18,18,17,19,16,15,0,22,0,0,0,0,0,0
2013,Cincinnati,24,24,22,17,11,11,11,8,14,21,0,21,24,17,0,0,0,0,0
2013,Florida State,25,0,0,0,0,0,0,0,0,0,0,0,0,0,0,0,0,0,0
2013,Gonzaga,21,19,17,12,10,14,14,13,10,9,8,10,7,6,5,3,2,1,1
2013,Duke,8,9,5,2,2,2,1,1,1,1,3,1,5,4,2,6,3,3,2
2013,Indiana,1,1,1,1,1,1,6,5,5,5,2,7,3,1,1,1,1,2,3
2013,Louisville,2,2,2,5,5,6,5,4,4,3,1,5,12,11,12,10,10,8,4
2013,Georgetown,0,0,0,20,15,15,15,15,15,19,0,0,0,20,15,11,7,5,5
2013,Michigan,5,5,4,3,3,3,2,2,2,2,5,2,1,3,4,7,4,7,6
2013,Kansas,7,7,12,10,9,9,9,6,6,6,4,3,2,5,14,9,6,4,7
2013,Michigan State,14,21,15,13,19,19,20,19,18,22,18,13,13,12,8,4,9,10,8
2013,Miami (FL),0,0,0,0,0,0,0,0,0,0,0,25,14,8,3,2,5,6,9
2013,Ohio State,4,4,3,4,7,7,7,10,8,15,11,14,11,10,13,18,16,14,10
2013,Kansas State,0,0,0,0,0,0,0,25,25,18,16,11,18,13,10,13,13,9,11
2013,Marquette,0,0,0,0,0,0,0,0,0,0,25,0,25,24,18,17,22,15,12
2013,Florida,10,10,7,7,6,5,8,14,13,11,10,8,4,2,7,5,8,11,13
2013,Oklahoma State,0,0,20,15,23,24,24,22,22,0,0,0,0,22,17,14,15,13,14
2013,New Mexico,0,0,0,25,18,17,16,0,20,25,19,15,20,15,19,16,14,12,15
2013,Saint Louis,0,0,0,0,0,0,0,0,0,0,0,0,0,0,0,0,18,16,16
2013,Pittsburgh,0,0,0,0,0,0,0,24,24,0,0,0,0,23,16,20,23,20,17
2013,Arizona,12,12,10,9,8,8,4,3,3,4,7,6,8,7,9,12,11,18,18
2013,Syracuse,9,8,6,6,4,4,3,9,7,7,6,3,6,9,6,8,12,17,19
2013,Memphis,17,17,19,0,0,0,0,0,0,0,0,0,0,0,22,21,19,25,20
2013,UCLA,13,13,11,0,0,0,0,0,0,0,24,0,0,0,0,0,0,23,21
2013,Wisconsin,23,22,0,0,0,0,0,0,0,0,0,0,0,0,20,19,17,22,22
2013,Creighton,16,15,14,11,16,16,17,16,16,13,12,17,21,16,0,0,0,0,23
2013,Notre Dame,22,20,0,0,22,22,22,21,21,17,20,24,0,25,21,25,21,24,24
2013,VCU,0,0,0,0,0,0,0,0,0,0,22,19,0,0,0,24,0,21,25
2012,Virginia,0,0,0,0,0,0,24,23,21,16,15,19,16,19,22,25,24,0,0
2012,Seton Hall,0,0,0,0,0,0,0,0,0,24,0,0,0,0,0,0,0,0,0
2012,Saint Louis,0,0,0,23,0,0,0,0,0,0,0,0,0,0,0,0,0,0,0
2012,Mississippi State,0,0,24,21,17,17,18,15,15,20,18,18,22,20,0,0,0,0,0
2012,Kansas State,0,0,0,0,0,0,0,0,23,18,25,22,0,0,0,0,0,0,0
2012,Illinois,0,0,0,0,24,19,25,0,0,0,22,0,0,0,0,0,0,0,0
2012,Harvard,0,0,0,0,25,0,0,24,22,0,0,0,0,25,0,0,0,0,0
2012,Temple,0,0,0,0,0,0,0,0,0,0,0,0,0,0,0,22,23,21,0
2012,Notre Dame,0,0,0,0,0,0,0,0,0,0,0,0,0,0,23,20,20,23,0
2012,Iowa State,0,0,0,0,0,0,0,0,0,0,0,0,0,0,0,0,0,25,0
2012,Connecticut,4,4,4,8,9,9,8,9,8,17,13,24,0,0,0,0,0,0,0
2012,Pittsburgh,10,9,17,17,15,15,15,22,0,0,0,0,0,0,0,0,0,0,0
2012,Memphis,11,10,8,22,21,0,0,0,0,0,0,0,0,0,0,0,0,0,0
2012,Xavier,14,13,12,11,8,8,14,0,0,0,0,0,0,0,0,0,0,0,0
2012,Arizona,16,15,23,0,0,0,0,0,0,0,0,0,0,0,0,0,0,0,0
2012,UCLA,17,0,0,0,0,0,0,0,0,0,0,0,0,0,0,0,0,0,0
2012,Alabama,19,16,13,12,16,23,0,0,0,0,0,0,0,0,0,0,0,0,0
2012,Texas A&M,20,19,25,25,22,22,0,0,0,0,0,0,0,0,0,0,0,0,0
2012,Cincinnati,21,20,0,0,0,0,0,0,0,0,0,0,0,0,0,0,0,0,0
2012,Gonzaga,23,22,19,19,23,0,0,0,25,21,0,0,24,0,24,0,0,24,0
2012,California,24,23,20,24,0,0,0,0,0,0,0,0,0,0,0,0,0,0,0
2012,Kentucky,2,2,2,1,1,3,3,3,2,2,2,1,1,1,1,1,1,1,1
2012,Syracuse,5,5,5,4,3,1,1,1,1,1,1,3,2,2,2,2,2,2,2
2012,Missouri,25,24,21,13,10,10,9,8,7,9,5,2,4,4,3,3,7,5,3
2012,North Carolina,1,1,1,5,4,5,5,5,3,3,8,7,5,5,8,7,6,4,4
2012,Michigan State,0,0,0,0,0,21,19,16,10,6,9,10,9,11,7,6,5,8,5
2012,Kansas,13,12,14,15,13,12,12,17,14,10,7,5,8,7,4,4,3,3,6
2012,Ohio State,3,3,3,2,2,2,2,2,6,5,6,4,3,3,6,8,10,7,7
2012,Duke,6,6,6,3,7,7,7,7,5,8,4,8,7,10,5,5,4,6,8
2012,Baylor,12,11,9,7,6,6,6,6,4,4,3,6,6,6,9,13,9,12,9
2012,Florida State,0,25,22,0,0,0,0,0,0,0,0,23,21,15,20,15,22,17,10
2012,Marquette,22,21,16,16,11,11,10,14,20,25,21,17,15,18,12,10,8,9,11
2012,Murray State,0,0,0,0,0,24,22,20,19,15,12,11,10,9,16,14,12,11,12
2012,Michigan,18,17,15,14,20,20,20,18,16,13,20,20,23,22,17,11,13,10,13
2012,Wisconsin,15,14,11,9,14,14,13,11,18,0,0,25,19,21,15,16,14,14,14
2012,Georgetown,0,0,0,0,18,16,16,12,9,11,10,9,14,12,10,9,11,13,15
2012,Indiana,0,0,0,0,0,18,17,13,12,7,11,16,20,23,18,23,18,15,16
2012,Louisville,9,8,7,6,5,4,4,4,11,14,23,0,0,24,19,17,19,0,17
2012,Wichita State,0,0,0,0,0,0,0,0,0,0,0,0,0,0,24,19,15,16,18
2012,Creighton,0,0,0,0,19,25,23,21,0,23,19,15,13,17,0,0,25,19,19
2012,Vanderbilt,7,18,18,20,0,25,0,0,0,0,0,0,25,0,0,0,0,0,20
2012,New Mexico,0,0,0,0,0,0,0,0,0,0,0,0,0,0,0,18,0,0,21
2012,San Diego State,0,0,0,0,0,0,0,25,24,22,16,13,17,13,13,24,21,18,22
2012,UNLV,0,0,0,18,0,0,21,19,17,12,14,12,11,14,11,21,17,20,23
2012,Saint Mary's,0,0,0,0,0,0,0,0,0,0,24,21,18,16,21,0,0,0,24
2012,Florida,8,7,10,10,12,13,11,10,13,19,17,14,12,8,14,12,16,22,25
2011,UNLV,0,0,0,24,20,22,0,0,25,0,0,0,0,0,0,0,0,0,0
2011,UCF,0,0,0,0,0,0,24,19,19,23,0,0,0,0,0,0,0,0,0
2011,Saint Mary's,0,0,0,0,0,0,0,0,0,0,22,0,0,0,0,0,0,0,0
2011,Minnesota,0,0,15,15,22,21,17,14,0,0,15,16,18,0,0,0,0,0,0
2011,Georgia,0,0,0,0,0,0,0,0,0,24,0,0,0,0,0,0,0,0,0
2011,Florida State,0,0,0,0,0,0,0,0,0,0,0,22,0,0,0,0,0,0,0
2011,Cincinnati,0,0,0,0,0,0,0,0,24,25,25,0,0,0,0,0,0,25,0
2011,Michigan State,2,2,2,6,7,14,12,20,18,0,17,25,0,0,0,0,0,0,0
2011,Villanova,6,6,7,12,12,10,8,8,7,7,7,8,12,9,15,15,19,0,0
2011,Gonzaga,12,11,22,0,0,0,0,0,0,0,0,0,0,0,0,0,0,0,0
2011,Illinois,13,13,19,20,16,12,21,23,20,16,23,20,0,0,0,0,0,0,0
2011,Missouri,15,15,11,9,15,13,9,10,9,15,13,11,14,19,20,20,22,0,0
2011,Baylor,16,17,12,11,10,9,15,0,0,0,0,0,0,0,0,0,0,0,0
2011,Butler,17,16,0,0,0,0,0,0,0,0,0,0,0,0,0,0,0,0,0
2011,Memphis,19,19,14,14,13,18,16,21,21,0,0,0,0,0,0,0,0,0,0
2011,Georgetown,20,20,16,16,9,15,10,9,13,22,23,21,13,11,9,11,17,22,0
2011,Virginia Tech,21,22,0,0,0,0,0,0,0,0,0,0,0,0,0,0,0,0,0
2011,Temple,22,21,21,0,0,0,0,25,0,19,0,0,0,24,23,24,0,24,0
2011,Tennessee,23,24,24,13,11,7,19,0,0,0,0,0,0,0,0,0,0,0,0
2011,Ohio State,4,4,3,2,2,2,2,2,2,2,1,1,1,1,2,2,1,1,1
2011,Kansas,7,7,6,4,4,3,3,3,3,3,2,6,2,2,1,3,2,2,2
2011,Duke,1,1,1,1,1,1,1,1,1,1,4,3,5,5,5,1,4,5,3
2011,Pittsburgh,5,5,5,3,3,8,6,6,5,5,5,2,4,4,4,4,4,3,4
2011,Notre Dame,0,0,0,25,23,24,22,15,14,9,16,15,9,8,8,9,8,4,5
2011,San Diego State,25,25,18,17,14,11,7,7,6,6,6,4,7,6,6,6,9,7,6
2011,North Carolina,8,8,25,0,0,0,0,0,0,0,0,0,23,20,19,19,13,6,7
2011,Texas,0,0,20,19,25,22,18,13,12,12,10,7,3,3,3,5,7,10,8
2011,Connecticut,0,0,0,7,6,4,4,4,8,10,8,5,6,10,13,14,16,21,9
2011,Brigham Young,24,23,23,21,18,16,23,16,15,11,9,9,8,7,7,7,3,8,10
2011,Kentucky,11,12,8,10,17,17,13,11,10,13,12,14,10,18,22,22,20,15,11
2011,Syracuse,10,10,9,8,8,5,5,5,4,4,3,9,17,12,17,17,12,11,12
2011,Purdue,14,14,10,22,19,19,14,12,11,8,14,12,11,14,11,8,6,9,13
2011,Louisville,0,0,0,0,24,20,0,22,0,18,19,23,15,16,16,16,11,14,14
2011,Florida,9,9,16,18,0,0,20,0,0,0,0,24,0,17,14,13,14,12,15
2011,Wisconsin,0,0,0,0,0,0,0,0,0,20,18,17,19,13,10,12,10,13,16
2011,Arizona,0,0,0,0,0,0,0,0,0,0,0,0,21,15,12,10,18,16,17
2011,St. John's,0,0,0,0,0,0,0,0,0,0,0,0,0,0,0,23,15,17,18
2011,Utah State,0,0,0,0,0,0,0,0,0,0,0,0,22,21,25,0,25,23,19
2011,Xavier,0,0,0,0,0,0,0,0,0,0,0,0,0,0,24,25,23,18,20
2011,Kansas State,3,3,4,5,5,6,11,17,17,21,0,0,0,0,0,0,0,19,21
2011,West Virginia,0,0,0,0,0,0,0,0,0,0,21,0,25,25,0,0,0,20,22
2011,Washington,18,17,13,23,21,0,0,0,23,17,20,18,20,0,0,0,0,0,23
2011,Texas A&M,0,0,0,0,0,25,25,18,16,14,11,13,16,22,21,21,24,0,24
2011,Vanderbilt,0,0,0,0,0,0,0,24,22,0,0,19,23,23,18,18,21,0,25
2010,Wake Forest,0,0,0,0,0,0,0,0,0,0,0,0,0,0,23,0,0,0,0
2010,UNLV,0,0,0,24,18,0,0,0,0,0,0,0,0,23,0,0,0,0,0
2010,UAB,0,0,0,0,0,0,0,24,0,0,0,25,0,0,0,0,0,0,0
2010,Texas Tech,0,0,0,0,23,16,23,20,22,0,0,0,0,0,0,0,0,0,0
2010,Portland,0,0,0,25,0,0,0,0,0,0,0,0,0,0,0,0,0,0,0
2010,Ole Miss,0,0,0,0,25,20,15,16,14,21,22,18,25,0,0,0,0,0,0
2010,Notre Dame,0,0,23,0,0,0,0,0,0,0,0,0,0,0,0,0,0,0,0
2010,Northwestern,0,0,0,0,0,0,0,25,0,0,0,0,0,0,0,0,0,0,0
2010,Northern Iowa,0,0,0,0,0,0,0,0,0,0,20,0,24,19,0,25,0,0,0
2010,Miami (FL),0,0,0,0,0,0,0,0,0,23,0,0,0,0,0,0,0,0,0
2010,Florida State,0,0,0,21,0,0,0,22,18,25,0,0,0,0,0,0,0,0,0
2010,Florida,0,0,0,13,10,13,18,0,0,0,0,0,0,0,0,0,0,0,0
2010,Cincinnati,0,0,0,22,19,25,0,0,0,0,0,0,0,0,0,0,0,0,0
2010,UTEP,0,0,0,0,0,0,0,0,0,0,0,0,0,0,0,0,24,25,0
2010,Texas,3,3,3,2,2,2,2,2,2,1,1,6,9,14,15,21,0,0,0
2010,North Carolina,6,6,11,10,11,10,10,9,9,12,24,0,0,0,0,0,0,0,0
2010,Connecticut,12,12,13,14,14,14,11,10,13,15,0,19,0,0,0,0,0,0,0
2010,California,13,13,0,0,0,0,0,0,0,0,0,0,0,0,0,0,0,0,0
2010,Washington,14,14,14,12,17,24,22,17,24,0,0,0,0,0,0,0,0,0,0
2010,Michigan,15,15,15,0,0,0,0,0,0,0,0,0,0,0,0,0,0,0,0
2010,Oklahoma,17,17,25,0,0,0,0,0,0,0,0,0,0,0,0,0,0,0,0
2010,Mississippi State,18,0,0,0,0,0,0,0,0,0,23,0,0,0,0,0,0,0,0
2010,Louisville,19,20,16,20,0,0,0,0,0,0,0,0,0,0,0,0,0,0,0
2010,Dayton,21,18,0,0,0,0,0,0,0,0,0,0,0,0,0,0,0,0,0
2010,Georgia Tech,22,21,0,0,24,22,0,0,20,20,19,22,21,20,0,0,0,0,0
2010,Illinois,23,23,20,0,0,0,0,0,0,0,0,0,0,0,0,0,0,0,0
2010,Clemson,24,22,19,18,0,0,24,21,0,24,17,0,0,0,0,0,0,0,0
2010,Minnesota,25,24,22,0,0,0,0,0,0,0,0,0,0,0,0,0,0,0,0
2010,Kansas,1,1,1,1,1,1,1,1,1,3,3,2,1,1,1,1,2,1,1
2010,Kentucky,4,4,5,5,4,3,3,3,3,2,2,1,4,3,2,2,3,2,2
2010,Duke,9,9,7,6,8,7,7,7,5,8,7,8,11,8,6,5,4,4,3
2010,Syracuse,0,0,10,8,7,5,5,5,7,5,5,4,3,2,5,4,1,3,4
2010,Ohio State,16,15,17,15,13,18,17,15,0,0,21,20,13,13,9,9,6,5,5
2010,West Virginia,8,8,8,7,6,6,6,6,8,10,11,9,6,5,8,8,10,7,6
2010,Kansas State,0,0,0,0,0,17,12,12,11,13,10,11,10,9,7,6,5,9,7
2010,New Mexico,0,0,0,0,0,19,13,19,15,0,0,23,15,15,12,10,8,8,8
2010,Villanova,5,5,4,3,3,8,8,8,6,4,4,3,2,4,3,7,9,10,9
2010,Purdue,7,7,6,4,5,4,4,4,4,6,13,10,8,6,4,3,7,6,10
2010,Butler,11,11,12,23,22,21,20,0,0,0,0,0,23,18,18,15,12,12,11
2010,Temple,0,0,0,0,0,0,21,18,21,19,16,15,19,21,21,20,20,17,12
2010,Michigan State,2,2,2,9,12,12,9,11,10,7,6,5,5,10,11,14,11,11,13
2010,Georgetown,20,19,18,16,15,11,14,13,12,11,12,7,7,7,10,11,19,22,14
2010,Tennessee,10,10,9,11,9,9,16,14,16,9,8,14,14,12,20,19,16,15,15
2010,Wisconsin,0,0,0,0,20,0,0,23,17,13,18,16,16,11,14,17,15,13,16
2010,Brigham Young,0,0,0,0,0,0,0,0,25,18,14,12,12,17,16,13,14,14,17
2010,Pittsburgh,0,0,0,0,0,0,0,0,23,16,9,17,22,25,19,12,17,16,18
2010,Baylor,0,0,0,0,0,0,0,0,0,22,25,24,20,24,22,24,21,21,19
2010,Maryland,0,25,21,0,0,0,0,0,0,0,0,0,0,0,0,0,22,19,20
2010,Vanderbilt,0,0,24,0,0,0,0,0,0,0,0,21,18,22,17,16,13,20,21
2010,Gonzaga,0,0,0,17,21,15,25,0,19,17,15,13,17,16,13,18,18,18,22
2010,Texas A&M,0,0,0,19,16,23,19,0,0,0,0,0,0,0,24,22,23,23,23
2010,Richmond,0,0,0,0,0,0,0,0,0,0,0,0,0,0,25,23,0,0,24
2010,Xavier,0,0,0,0,0,0,0,0,0,0,0,0,0,0,0,0,25,24,25
2009,West Virginia,0,0,0,0,0,0,0,0,25,0,0,0,0,0,0,0,0,0,0
2009,Utah State,0,0,0,0,0,0,0,0,0,0,0,0,25,21,0,0,0,0,0
2009,Saint Mary's,0,0,0,0,0,0,0,0,0,0,0,22,0,0,0,0,0,0,0
2009,Ohio State,0,0,0,0,21,17,15,24,0,0,0,0,0,24,0,0,0,0,0
2009,Minnesota,0,0,0,0,0,0,23,21,22,18,21,0,19,0,0,0,0,0,0
2009,Michigan,0,0,0,0,0,0,24,23,0,25,0,0,0,0,0,0,0,0,0
2009,Kentucky,0,0,0,0,0,0,0,0,0,0,0,24,0,0,0,0,0,0,0
2009,Illinois,0,0,0,0,0,0,0,0,0,0,25,19,23,22,18,20,23,0,0
2009,Dayton,0,0,0,0,0,0,0,0,0,0,0,0,0,0,25,0,0,0,0
2009,California,0,0,0,0,0,0,0,0,0,22,0,0,0,0,0,0,0,0,0
2009,Boston College,0,0,0,0,0,0,0,0,17,0,0,0,0,0,0,0,0,0,0
2009,Baylor,0,0,0,24,22,21,21,19,23,21,0,0,0,0,0,0,0,0,0
2009,Brigham Young,0,0,0,0,0,0,0,0,0,0,0,0,0,0,0,0,0,25,0
2009,Texas,7,7,6,8,6,5,9,8,7,11,14,11,16,0,0,25,0,0,0
2009,Notre Dame,9,8,8,7,12,12,8,7,13,12,19,0,0,0,0,0,0,0,0
2009,Tennessee,14,14,12,10,8,16,16,14,15,24,0,0,0,0,0,0,0,0,0
2009,Miami (FL),17,17,22,21,0,0,0,0,0,0,0,0,0,0,0,0,0,0,0
2009,USC,18,19,0,0,0,0,0,0,0,0,0,0,0,0,0,0,0,0,0
2009,Florida,19,18,17,23,0,0,0,0,0,0,24,0,0,0,0,0,0,0,0
2009,Davidson,20,21,24,22,23,22,0,0,0,0,0,0,0,0,0,0,0,0,0
2009,Georgetown,22,22,21,20,19,15,12,11,9,13,12,25,0,0,0,0,0,0,0
2009,Wisconsin,25,25,25,0,0,0,0,0,0,0,0,0,0,0,0,0,0,0,0
2009,Louisville,3,3,3,11,9,9,19,18,23,20,9,7,5,5,7,6,6,5,1
2009,North Carolina,1,1,1,1,1,1,1,1,3,5,5,5,3,3,3,4,2,1,2
2009,Memphis,13,13,18,18,17,23,0,0,0,0,22,18,14,8,5,5,5,4,3
2009,Pittsburgh,5,6,4,3,3,3,3,3,1,1,4,3,6,4,4,1,3,2,4
2009,Connecticut,2,2,2,2,2,2,2,2,5,4,3,2,1,1,1,2,1,3,5
2009,Duke,8,10,7,4,7,6,5,5,2,3,2,1,4,6,9,7,7,9,6
2009,Oklahoma,12,12,11,6,5,4,4,4,6,6,6,4,2,2,2,3,4,6,7
2009,Michigan State,6,5,5,13,18,19,11,10,8,7,7,9,13,9,6,9,8,7,8
2009,Missouri,0,0,0,0,0,0,25,0,0,0,0,0,0,17,11,11,15,14,9
2009,Gonzaga,10,9,9,5,4,8,7,16,0,0,23,20,18,19,17,17,14,12,10
2009,Villanova,23,23,20,17,15,18,18,15,18,23,20,21,17,13,12,10,11,10,11
2009,Wake Forest,21,20,19,15,11,10,6,6,4,2,1,6,7,7,8,13,10,8,12
2009,Syracuse,0,0,0,16,13,11,17,13,11,8,8,15,20,23,24,0,25,18,13
2009,Kansas,24,24,22,0,25,0,0,0,0,0,0,0,21,16,15,15,9,11,14
2009,Washington,0,0,0,0,0,0,0,0,0,0,0,23,22,0,22,21,16,13,15
2009,Florida State,0,0,0,0,0,0,0,0,0,0,0,0,0,25,0,23,24,22,16
2009,Purdue,11,11,10,9,14,13,10,9,14,19,18,16,12,20,19,16,19,24,17
2009,UCLA,4,4,13,12,16,14,13,12,10,9,13,17,15,11,20,22,20,15,18
2009,Arizona State,15,15,14,19,20,20,20,17,20,16,17,14,24,18,14,14,21,23,19
2009,Xavier,0,0,16,14,10,7,14,22,16,15,15,10,9,14,16,19,17,19,20
2009,LSU,0,0,0,0,0,0,0,0,0,0,0,0,0,0,23,18,12,20,21
2009,Butler,0,0,0,0,0,0,0,25,21,17,16,13,11,15,21,24,22,16,22
2009,Marquette,16,15,15,25,24,24,0,0,18,14,11,8,8,10,10,8,13,21,23
2009,Clemson,0,0,0,0,0,25,22,20,12,10,10,12,10,12,13,12,18,17,24
2009,Utah,0,0,0,0,0,0,0,0,0,0,0,0,0,0,0,0,0,0,25
2008,West Virginia,0,0,0,0,0,0,24,23,0,0,0,0,0,0,0,0,0,0,0
2008,Virginia,0,0,23,0,0,0,0,0,0,0,0,0,0,0,0,0,0,0,0
2008,Villanova,0,24,20,0,25,23,20,18,17,19,25,18,0,0,0,0,0,0,0
2008,Syracuse,0,0,21,0,0,0,0,0,0,0,0,0,0,0,0,0,0,0,0
2008,Saint Mary's,0,0,0,0,0,24,0,0,0,0,0,0,21,25,25,23,25,0,0
2008,Rhode Island,0,0,0,0,0,0,0,25,23,22,23,0,0,0,0,0,0,0,0
2008,Ole Miss,0,0,0,0,0,0,0,22,18,16,18,17,24,0,0,0,0,0,0
2008,Miami (FL),0,0,0,0,0,0,22,19,0,25,21,0,0,0,0,0,0,0,0
2008,Kent State,0,0,0,0,0,0,0,0,0,0,0,0,0,0,0,0,23,0,0
2008,Florida,0,0,25,0,0,0,0,0,0,0,0,0,20,0,0,0,0,0,0
2008,Dayton,0,0,0,0,0,0,0,0,20,17,14,16,0,0,0,0,0,0,0
2008,Baylor,0,0,0,0,0,0,0,0,0,0,0,25,25,0,0,0,0,0,0
2008,Arizona State,0,0,0,0,0,0,0,0,0,0,22,24,0,0,0,0,0,0,0
2008,Clemson,0,0,24,18,18,15,15,21,19,18,24,0,0,0,0,0,0,24,0
2008,Oregon,12,11,12,17,19,16,23,0,0,0,0,0,0,0,0,0,0,0,0
2008,Texas A&M,16,15,16,9,16,14,14,14,12,11,10,18,23,18,16,22,0,0,0
2008,Arizona,17,17,0,0,22,21,19,17,21,0,0,0,0,0,0,0,0,0,0
2008,USC,18,0,0,22,24,0,25,24,22,0,0,0,0,0,0,0,0,0,0
2008,Arkansas,19,18,0,0,0,0,0,0,0,0,0,0,0,0,0,0,0,0,0
2008,Kentucky,20,0,0,0,0,0,0,0,0,0,0,0,0,0,0,0,0,0,0
2008,NC State,21,21,0,24,0,0,0,0,0,0,0,0,0,0,0,0,0,0,0
2008,Pittsburgh,22,19,17,14,12,11,11,6,13,20,15,13,18,21,22,0,0,0,0
2008,Southern Illinois,24,23,19,0,0,0,0,0,0,0,0,0,0,0,0,0,0,0,0
2008,Kansas State,25,22,18,25,0,0,0,0,0,0,0,0,22,20,18,24,0,0,0
2008,North Carolina,1,1,1,1,1,1,1,1,1,1,1,5,4,3,5,3,3,1,1
2008,Memphis,3,3,3,3,2,2,2,2,2,2,2,1,1,1,1,1,2,2,2
2008,UCLA,2,2,2,2,7,8,8,5,5,5,4,8,5,5,6,6,4,3,3
2008,Tennessee,7,7,7,11,10,12,12,11,8,8,6,3,7,7,4,2,1,4,4
2008,Kansas,4,4,4,4,3,3,3,3,3,3,3,2,2,4,3,4,6,5,5
2008,Texas,15,16,15,8,4,4,4,9,14,12,19,12,10,12,11,7,5,9,6
2008,Duke,13,13,13,7,6,6,6,10,9,9,7,4,3,2,2,5,7,6,7
2008,Wisconsin,0,0,0,20,0,0,0,0,25,21,17,11,13,8,15,11,10,10,8
2008,Georgetown,5,5,5,5,5,5,5,8,7,7,5,9,6,6,8,12,11,11,9
2008,Xavier,0,0,0,23,21,17,0,0,0,24,20,23,15,13,12,10,9,8,10
2008,Stanford,23,20,0,0,0,0,0,0,24,23,0,20,14,9,7,9,8,7,11
2008,Butler,0,25,22,16,13,18,16,16,16,14,12,15,12,10,9,8,14,14,12
2008,Louisville,6,6,6,12,14,22,0,0,0,0,0,0,0,0,23,18,13,12,13
2008,Notre Dame,0,0,0,0,0,0,0,0,0,0,0,0,0,22,20,21,17,19,14
2008,Connecticut,0,0,0,0,0,0,0,0,0,0,0,0,0,19,17,13,15,13,15
2008,Drake,0,0,0,0,0,0,0,0,0,0,0,22,16,15,14,16,20,20,16
2008,Purdue,0,0,0,0,0,0,0,0,0,0,0,0,0,24,19,14,16,15,17
2008,Vanderbilt,0,0,0,0,23,20,17,15,15,13,16,14,19,23,24,20,18,16,18
2008,Michigan State,8,12,10,10,9,9,9,7,6,6,11,10,8,11,10,19,19,17,19
2008,Gonzaga,14,14,14,19,17,19,18,0,0,0,0,0,0,0,0,0,24,22,20
2008,Washington State,10,9,9,6,8,7,7,4,4,4,8,6,9,17,21,17,22,23,21
2008,Indiana,9,8,8,15,15,13,13,13,11,10,9,7,11,14,13,15,12,18,22
2008,Davidson,0,0,0,0,0,0,0,0,0,0,0,0,0,0,0,0,0,25,23
2008,Brigham Young,0,0,0,21,20,25,21,20,0,0,0,0,0,0,0,0,0,0,24
2008,Marquette,11,10,11,13,11,10,10,12,10,15,13,21,17,16,0,25,21,21,25
2007,Xavier,0,0,0,0,24,0,0,0,0,0,0,0,0,0,0,0,0,0,0
2007,Wichita State,0,0,24,17,10,8,8,16,0,0,0,0,0,0,0,0,0,0,0
2007,West Virginia,0,0,0,0,0,0,0,0,25,21,0,0,0,0,23,22,0,0,0
2007,Virginia Tech,0,0,0,0,0,0,0,0,0,0,23,24,16,0,0,0,21,0,0
2007,Virginia,0,0,0,25,0,0,0,0,0,0,0,0,0,0,0,24,0,0,0
2007,Vanderbilt,0,0,0,0,0,0,0,0,0,0,0,0,24,23,0,17,19,0,0
2007,Stanford,0,0,0,0,0,0,0,0,0,0,0,0,23,25,0,0,0,0,0
2007,Oklahoma State,0,0,0,0,22,15,15,13,12,9,12,13,12,17,18,0,0,0,0
2007,Indiana,0,0,0,0,0,0,0,0,0,0,0,23,0,0,24,0,0,0,0
2007,Gonzaga,0,0,0,22,18,16,22,0,0,0,0,0,0,0,0,0,0,0,0
2007,Clemson,0,0,0,0,0,0,0,25,23,17,19,19,25,0,0,0,0,0,0
2007,Air Force,0,0,0,0,0,24,24,23,20,18,13,16,17,15,17,14,25,0,0
2007,LSU,5,7,6,10,9,12,12,17,14,13,16,21,0,0,0,0,0,0,0
2007,Arizona,10,15,15,16,14,10,9,7,7,10,11,17,20,24,19,0,0,0,0
2007,Alabama,11,10,8,6,4,9,10,8,8,14,10,12,19,18,25,25,0,0,0
2007,Duke,12,11,9,11,7,6,6,5,5,11,14,10,8,16,0,18,14,21,0
2007,Boston College,15,14,23,0,0,0,0,0,0,0,0,0,0,0,21,0,0,0,0
2007,Washington,17,17,16,13,13,17,17,14,24,0,0,0,0,0,0,0,0,0,0
2007,Connecticut,18,21,18,20,19,14,14,12,18,24,0,0,0,0,0,0,0,0,0
2007,Creighton,19,20,0,0,0,0,0,0,0,0,0,0,0,0,0,0,0,0,0
2007,Syracuse,20,18,17,15,21,23,23,0,0,0,0,0,0,0,0,0,0,0,0
2007,Kentucky,22,22,20,0,0,0,0,0,0,0,25,0,0,20,20,0,0,0,0
2007,Georgia Tech,23,23,19,21,25,0,0,0,0,0,0,0,0,0,0,0,0,0,0
2007,Ohio State,7,5,4,3,5,4,3,6,6,5,7,5,4,3,2,2,1,1,1
2007,Kansas,3,3,10,5,12,11,11,9,9,6,5,8,6,9,9,6,3,2,2
2007,Florida,1,1,1,4,7,5,5,3,3,2,1,1,1,1,1,3,5,6,3
2007,North Carolina,2,2,2,7,3,3,2,2,2,1,4,4,3,5,4,5,8,8,4
2007,Memphis,14,13,12,14,16,19,18,22,22,20,17,11,11,8,8,7,6,5,5
2007,Wisconsin,9,9,7,12,11,7,4,4,4,3,2,2,2,4,3,1,4,3,6
2007,UCLA,6,6,5,1,1,1,1,1,1,4,3,3,5,2,5,4,2,4,7
2007,Georgetown,8,8,14,18,0,0,0,0,0,0,0,0,0,22,14,12,9,9,8
2007,Texas A&M,13,12,11,9,6,13,13,11,11,8,8,6,10,6,6,8,7,7,9
2007,Oregon,0,0,0,0,0,22,21,20,16,15,9,7,9,13,15,23,17,16,10
2007,Texas,21,19,0,0,0,0,0,0,0,25,21,0,22,0,0,19,15,15,11
2007,Pittsburgh,4,4,3,2,2,2,7,10,10,7,6,9,7,7,7,10,12,13,12
2007,Washington State,0,0,0,0,0,0,0,0,0,23,0,20,18,14,10,9,13,11,13
2007,Southern Illinois,0,0,0,0,0,0,0,0,0,0,0,0,0,21,16,13,11,14,14
2007,Nevada,24,24,21,24,20,25,25,24,21,19,15,18,15,12,11,11,10,10,15
2007,Louisville,0,0,0,0,0,0,0,0,0,0,0,0,0,0,0,20,16,12,16
2007,Notre Dame,0,0,0,0,0,21,20,19,17,22,20,22,21,0,0,0,22,20,17
2007,Maryland,0,0,25,23,23,0,0,0,0,0,0,0,0,0,0,0,24,17,18
2007,UNLV,0,0,0,0,0,0,0,0,0,0,0,0,0,0,0,0,0,25,19
2007,Marquette,16,16,13,8,17,20,19,18,15,0,24,15,14,11,12,16,20,18,20
2007,Butler,0,0,0,19,15,18,16,15,13,12,18,14,13,10,13,15,18,19,21
2007,Winthrop,0,0,0,0,0,0,0,0,0,0,0,0,0,0,0,0,0,24,22
2007,USC,0,0,0,0,0,0,0,0,0,0,0,25,0,19,22,0,23,0,23
2007,Brigham Young,0,0,0,0,0,0,0,0,0,0,0,0,0,0,0,21,0,23,24
2007,Tennessee,25,25,22,0,0,0,0,21,19,16,22,0,0,0,0,0,0,22,25
2006,Wisconsin,0,0,0,0,0,0,0,24,0,21,15,23,0,0,0,0,0,0,0
2006,Northern Iowa,0,0,0,0,0,0,0,0,0,0,0,0,25,25,0,25,0,0,0
2006,Michigan,0,0,0,0,0,0,0,0,0,0,0,0,21,22,0,0,0,0,0
2006,Houston,0,0,0,0,0,25,0,0,0,0,0,0,0,0,0,0,0,0,0
2006,Cincinnati,0,0,0,0,0,0,0,0,0,25,0,0,0,0,0,0,0,0,0
2006,Bucknell,0,0,0,0,0,0,0,0,0,0,0,0,0,0,24,0,0,0,0
2006,NC State,0,0,0,24,25,21,21,19,13,18,14,15,18,16,21,15,22,25,0
2006,Michigan State,4,4,12,13,14,12,10,9,7,14,11,11,12,12,16,18,25,0,0
2006,Louisville,7,7,6,7,5,4,11,10,9,10,17,22,0,0,0,0,0,0,0
2006,Kentucky,9,8,7,10,15,23,19,18,19,0,0,0,0,0,0,0,0,0,0
2006,Arizona,10,10,9,15,24,24,0,0,21,24,0,0,0,0,0,0,0,0,0
2006,Stanford,13,13,0,0,0,0,0,0,0,0,0,0,0,0,0,0,0,0,0
2006,Alabama,15,15,19,21,22,0,0,0,0,0,0,0,0,0,0,0,0,0,0
2006,Wake Forest,18,19,24,22,20,16,22,22,23,0,0,0,0,0,0,0,0,0,0
2006,Maryland,23,24,23,23,21,17,16,16,14,23,22,18,0,0,0,0,0,0,0
2006,Indiana,24,23,20,17,18,18,18,17,16,9,13,13,22,24,0,0,0,0,0
2006,Iowa State,25,25,0,0,0,0,0,0,0,0,0,0,0,0,0,0,0,0,0
2006,Duke,1,1,1,1,1,1,1,1,1,1,1,2,2,2,2,1,1,3,1
2006,Connecticut,3,3,3,3,3,2,2,2,2,4,3,1,1,1,1,3,2,1,2
2006,Villanova,5,5,4,4,4,3,3,3,3,3,8,6,4,4,4,2,4,2,3
2006,Memphis,12,12,11,9,7,5,4,4,4,5,4,3,3,3,3,4,3,5,4
2006,Gonzaga,8,9,8,6,9,10,8,8,8,6,6,7,5,5,5,5,5,4,5
2006,Ohio State,0,0,0,0,0,0,24,21,18,19,19,16,20,19,12,13,9,7,6
2006,Boston College,11,11,10,8,6,13,14,13,11,15,21,20,15,17,13,11,12,11,7
2006,UCLA,19,18,16,16,16,14,12,11,17,11,18,17,14,13,15,19,15,13,7
2006,Texas,2,2,2,2,2,6,15,15,15,8,5,4,7,6,6,7,6,8,9
2006,North Carolina,0,0,0,0,23,19,17,23,25,20,24,0,0,23,23,21,13,10,10
2006,Florida,0,0,14,11,10,7,5,5,5,2,2,5,8,7,10,12,17,16,11
2006,Kansas,0,0,0,0,0,0,0,0,0,0,0,0,0,0,22,16,18,17,12
2006,Illinois,17,17,15,12,11,9,6,6,6,7,7,8,6,10,14,8,10,9,13
2006,George Washington,21,21,21,19,19,15,13,12,20,17,16,14,10,8,7,6,7,6,14
2006,Iowa,20,20,18,14,12,22,25,0,0,0,23,0,23,18,18,20,23,20,15
2006,Pittsburgh,0,0,0,0,0,0,0,0,22,12,9,12,9,14,9,9,8,15,16
2006,Washington,0,0,25,18,13,11,9,7,10,13,10,10,16,21,20,17,14,12,17
2006,Tennessee,0,0,0,0,0,0,23,0,0,0,0,19,13,11,8,10,11,14,18
2006,LSU,0,0,0,25,0,0,0,0,0,0,0,0,24,0,25,24,21,18,19
2006,Nevada,22,22,22,20,17,20,20,20,0,0,0,0,0,0,0,25,24,21,20
2006,Syracuse,16,16,17,0,0,0,0,0,0,0,20,25,0,0,0,0,0,0,21
2006,West Virginia,14,14,13,0,0,0,0,25,24,16,12,9,11,9,11,14,16,19,22
2006,Georgetown,0,0,0,0,0,0,0,0,0,0,0,21,17,15,17,23,20,23,23
2006,Oklahoma,6,6,5,5,8,8,7,14,12,22,25,24,19,20,19,22,19,22,24
2006,UAB,0,0,0,0,0,0,0,0,0,0,0,0,0,0,0,0,0,24,25
2005,West Virginia,0,0,0,0,0,0,0,0,21,0,0,0,0,0,0,0,0,0,0
2005,Virginia,0,0,0,24,19,24,25,25,0,0,0,0,0,0,0,0,0,0,0
2005,Marquette,0,0,0,0,0,0,0,0,0,22,25,0,0,0,0,0,0,0,0
2005,Iowa,0,0,0,23,17,16,17,16,14,24,23,23,0,0,0,0,0,0,0
2005,George Washington,0,0,0,0,21,19,20,20,24,21,0,0,0,0,0,0,0,0,0
2005,Nevada,0,0,0,0,0,0,0,0,0,0,0,0,0,0,0,25,25,24,0
2005,Charlotte,0,0,0,0,0,0,0,0,0,0,0,0,0,0,23,21,18,25,0
2005,Mississippi State,12,12,14,15,22,20,21,21,18,11,17,24,0,0,0,0,0,0,0
2005,Maryland,15,15,13,12,23,23,24,24,22,0,0,0,22,0,22,0,0,0,0
2005,Texas,16,16,15,18,14,14,15,15,15,10,15,16,20,23,0,0,0,0,0
2005,Pittsburgh,17,17,16,13,11,10,10,10,16,20,21,20,16,18,17,18,24,22,0
2005,NC State,19,19,17,16,12,12,16,17,0,0,0,0,0,0,0,0,0,0,0
2005,Notre Dame,20,20,21,20,0,0,0,0,0,0,0,0,0,0,0,0,0,0,0
2005,Memphis,24,24,25,0,0,0,0,0,0,0,0,0,0,0,0,0,0,0,0
2005,Illinois,5,6,5,5,1,1,1,1,1,1,1,1,1,1,1,1,1,1,1
2005,North Carolina,4,4,11,9,8,5,4,4,3,3,6,3,2,2,4,2,2,2,2
2005,Duke,11,11,9,10,9,7,6,6,5,5,4,2,4,7,7,7,6,5,3
2005,Louisville,14,14,12,17,13,13,18,19,17,19,14,12,9,9,12,11,9,6,4
2005,Wake Forest,2,2,1,1,6,6,5,5,4,4,3,5,7,6,5,6,4,3,5
2005,Oklahoma State,7,7,6,6,5,4,3,3,7,6,5,9,10,10,8,4,8,10,6
2005,Kentucky,9,9,8,8,10,9,8,8,8,9,8,7,6,5,3,5,3,4,7
2005,Washington,22,22,22,14,16,18,12,13,12,14,10,10,13,11,15,14,10,14,8
2005,Arizona,10,10,18,21,15,15,14,14,13,17,13,11,14,12,10,9,11,8,9
2005,Gonzaga,25,25,24,0,25,22,13,12,11,16,11,17,17,14,13,12,12,11,10
2005,Syracuse,6,5,4,3,4,8,7,7,6,7,7,4,8,8,9,15,13,16,11
2005,Kansas,1,1,2,2,2,2,2,2,2,2,2,6,3,3,2,8,7,9,12
2005,Connecticut,8,8,7,7,7,11,11,11,10,12,16,19,23,19,18,17,15,12,13
2005,Boston College,0,0,0,0,0,0,0,0,25,13,9,8,5,4,6,3,5,7,14
2005,Michigan State,13,13,10,11,20,21,23,23,20,15,19,15,12,13,11,10,14,13,15
2005,Florida,23,23,23,19,0,0,0,0,0,0,0,0,0,0,0,0,0,0,16
2005,Oklahoma,0,0,0,0,0,0,0,0,0,25,18,13,15,16,21,22,20,17,17
2005,Utah,0,0,0,0,0,0,0,0,0,0,0,25,21,15,14,13,16,15,18
2005,Villanova,0,0,0,0,0,0,0,0,0,0,0,0,24,22,25,23,19,19,19
2005,Wisconsin,21,21,20,25,24,0,0,0,0,0,24,18,19,20,20,20,23,23,20
2005,Alabama,18,18,19,22,18,17,19,18,19,23,22,14,11,17,16,16,21,20,21
2005,Pacific,0,0,0,0,0,0,0,0,0,0,0,0,0,24,19,19,17,18,22
2005,Cincinnati,0,0,0,0,0,25,22,22,23,18,20,21,18,21,24,24,22,21,23
2005,Texas Tech,0,0,0,0,0,0,0,0,0,0,0,0,0,25,0,0,0,0,24
2005,Georgia Tech,3,3,3,4,3,3,9,9,9,8,12,22,25,0,0,0,0,0,25
2004,Vanderbilt,0,0,0,0,0,25,22,20,23,22,0,0,0,0,0,0,0,0,0
2004,Texas Tech,0,0,0,0,0,0,0,0,22,18,13,19,18,22,25,0,0,0,0
2004,Southern Illinois,0,0,0,0,0,0,0,0,0,0,0,0,23,20,16,15,24,0,0
2004,Purdue,0,0,20,16,17,22,21,24,0,23,21,0,0,0,0,0,0,0,0
2004,LSU,0,0,0,0,0,0,0,0,0,0,0,0,0,24,0,0,0,0,0
2004,Iowa,0,0,0,24,0,0,0,0,0,0,0,0,0,0,0,0,0,0,0
2004,Dayton,0,0,0,25,24,23,0,0,0,0,0,0,0,0,0,0,0,0,0
2004,Creighton,0,0,0,0,0,0,0,0,24,0,0,0,0,0,0,0,0,0,0
2004,Air Force,0,0,0,0,0,0,0,0,0,0,0,0,0,0,0,0,25,0,0
2004,Mississippi State,0,0,0,0,0,0,24,22,20,19,11,7,6,4,7,5,4,8,0
2004,Georgia Tech,0,0,13,10,5,4,3,8,12,11,14,15,15,18,18,19,14,14,0
2004,Maryland,0,0,0,0,25,24,0,0,0,0,0,0,0,0,0,0,0,19,0
2004,Providence,0,0,0,0,0,0,0,25,0,0,23,23,24,19,13,12,20,21,0
2004,South Carolina,0,0,0,0,0,0,0,0,0,25,24,25,25,25,0,0,0,23,0
2004,Memphis,0,0,0,0,0,0,0,0,0,0,0,0,0,23,19,20,23,24,0
2004,Utah State,0,0,0,0,0,0,0,0,0,0,0,24,19,0,24,23,22,25,0
2004,Boston College,0,0,0,0,0,0,0,0,0,0,0,0,0,0,0,0,0,25,0
2004,Connecticut,1,1,3,2,1,1,1,1,1,4,6,5,5,8,8,7,9,7,0
2004,Duke,2,2,6,4,3,3,2,2,2,1,1,1,1,3,5,3,5,6,0
2004,Michigan State,3,3,5,21,0,0,0,0,0,0,0,0,0,0,0,0,0,0,0
2004,Arizona,4,4,7,9,7,5,4,3,7,14,9,12,16,14,17,22,21,22,0
2004,Missouri,5,5,4,3,10,11,23,0,0,0,0,0,0,0,0,0,0,0,0
2004,Kansas,6,6,1,5,6,12,13,13,14,12,15,20,12,21,20,21,18,16,0
2004,Syracuse,7,7,16,19,19,17,17,17,17,13,20,18,0,0,0,24,19,20,0
2004,Florida,8,8,2,1,15,13,14,14,15,17,22,21,22,0,0,0,0,0,0
2004,North Carolina,9,9,10,7,4,9,9,12,9,7,12,17,14,16,12,14,16,18,0
2004,Gonzaga,10,16,17,17,13,15,16,16,16,15,10,8,7,6,4,4,3,3,0
2004,Kentucky,11,10,9,8,2,2,8,7,5,9,5,9,8,9,9,9,8,2,0
2004,Texas,12,11,8,6,11,18,19,18,18,16,16,11,11,11,10,10,11,12,0
2004,Illinois,13,12,11,14,21,21,20,19,25,0,0,0,0,0,23,18,12,13,0
2004,Oklahoma,14,14,14,11,8,7,7,6,11,20,25,22,0,0,0,0,0,0,0
2004,Wisconsin,15,15,15,23,22,19,18,21,19,21,17,14,17,12,22,17,10,10,0
2004,Louisville,16,17,0,0,20,20,11,10,8,5,4,6,9,10,21,25,0,0,0
2004,Saint Joseph's,17,13,12,12,11,10,10,9,6,3,3,3,3,2,2,2,1,5,0
2004,Cincinnati,18,19,19,18,16,14,12,11,10,6,8,10,13,17,15,13,13,11,0
2004,Stanford,19,20,21,13,9,6,5,4,3,2,2,2,2,1,1,1,2,1,0
2004,Wake Forest,20,18,18,15,14,8,6,5,4,10,19,16,20,15,11,11,15,17,0
2004,Notre Dame,21,21,23,0,0,0,0,0,0,0,0,0,0,0,0,0,0,0,0
2004,Pittsburgh,22,22,22,20,18,16,15,15,13,8,7,4,4,5,3,6,6,9,0
2004,Marquette,23,23,24,22,23,0,25,23,21,0,0,0,0,0,0,0,0,0,0
2004,NC State,24,25,0,0,0,0,0,0,0,0,0,0,21,13,14,16,17,15,0
2004,Oklahoma State,25,24,25,0,0,0,0,0,0,24,18,13,10,7,6,8,7,4,0
2003,Virginia,0,0,0,22,0,0,0,0,0,0,0,0,0,0,0,0,0,0,0
2003,Utah,0,0,0,0,0,0,0,0,0,0,0,0,0,0,23,22,0,0,0
2003,North Carolina,0,0,0,12,22,23,22,0,0,0,0,0,0,0,0,0,0,0,0
2003,Texas Tech,0,0,0,0,0,0,0,25,23,0,0,0,0,0,0,0,0,0,0
2003,Purdue,0,0,0,0,0,0,0,0,0,0,0,0,24,0,24,0,0,0,0
2003,LSU,0,0,0,0,0,0,24,21,0,23,0,0,0,0,0,0,0,0,0
2003,Charleston,0,0,0,0,25,0,0,0,0,0,0,0,0,0,0,0,0,0,0
2003,Auburn,0,0,0,0,0,0,0,0,0,0,24,0,0,0,0,0,0,0,0
2003,Oklahoma State,0,0,0,0,0,0,0,0,0,24,13,9,11,13,16,16,20,23,0
2003,California,0,0,0,0,0,0,0,0,0,0,25,20,0,22,18,23,22,24,0
2003,Saint Joseph's,0,0,0,0,0,0,0,0,0,0,0,0,0,25,0,0,0,25,0
2003,Alabama,8,4,4,3,2,2,1,1,4,9,15,23,22,0,0,0,0,0,0
2003,Michigan State,9,9,9,21,21,15,15,14,25,0,0,0,0,0,0,0,0,0,0
2003,Oregon,11,10,10,7,5,5,11,9,12,22,23,22,0,0,0,0,0,0,0
2003,UCLA,14,15,14,0,0,0,0,0,0,0,0,0,0,0,0,0,0,0,0
2003,Western Kentucky,20,19,0,0,0,0,0,0,0,0,0,0,0,0,0,0,0,0,0
2003,Indiana,21,22,19,10,7,6,10,17,15,18,14,19,0,0,0,0,0,0,0
2003,Gonzaga,22,21,20,0,0,0,0,0,0,0,0,0,0,0,0,0,0,0,0
2003,Cincinnati,23,23,21,0,23,0,0,0,0,0,0,0,0,0,0,0,0,0,0
2003,Minnesota,24,24,24,20,0,25,0,0,0,0,0,0,0,0,0,0,0,0,0
2003,Tulsa,25,25,22,19,17,22,20,0,0,0,0,0,0,0,0,0,0,0,0
2003,Kentucky,17,17,15,18,12,18,14,20,18,16,8,7,6,3,2,2,2,2,1
2003,Arizona,1,1,1,1,1,1,4,4,2,2,1,1,2,1,1,1,1,1,2
2003,Oklahoma,3,7,8,6,6,7,5,10,9,5,7,6,7,5,5,3,5,6,3
2003,Pittsburgh,5,5,5,5,4,4,2,2,6,3,2,2,4,7,9,8,7,5,4
2003,Texas,4,3,3,2,8,10,9,7,8,4,4,3,3,6,3,5,4,3,5
2003,Kansas,2,2,2,14,20,19,19,18,14,12,6,12,12,9,6,7,6,4,6
2003,Duke,6,6,6,4,3,3,3,3,1,1,3,5,9,8,8,6,10,12,7
2003,Wake Forest,0,0,0,0,0,0,25,23,17,19,17,17,14,15,10,12,9,9,8
2003,Marquette,18,16,13,13,16,14,13,13,24,21,20,18,15,11,11,10,8,8,9
2003,Florida,7,8,7,8,14,13,12,12,11,6,5,4,1,4,7,4,3,7,10
2003,Illinois,0,0,0,25,15,12,7,11,10,8,18,13,16,14,20,18,14,13,11
2003,Xavier,10,11,16,16,13,21,21,19,21,0,0,0,20,18,14,13,11,10,12
2003,Syracuse,0,0,0,0,0,0,0,0,0,25,0,24,19,17,15,15,12,11,13
2003,Louisville,0,0,0,0,0,0,0,24,19,15,9,8,5,2,4,11,15,20,14
2003,Creighton,0,0,0,0,0,20,18,15,16,13,10,16,13,12,17,17,19,19,15
2003,Dayton,0,0,0,0,0,0,0,0,0,0,0,0,0,0,25,25,21,22,16
2003,Maryland,13,12,11,9,18,24,23,22,21,17,12,10,8,16,13,14,13,14,17
2003,Stanford,0,0,0,17,19,17,0,0,0,0,0,0,25,24,21,19,17,15,18
2003,Memphis,0,0,0,0,0,0,0,0,0,0,0,0,0,0,0,24,18,16,19
2003,Mississippi State,12,12,23,24,24,16,16,8,7,14,22,21,23,19,19,20,23,0,20
2003,Wisconsin,0,0,25,23,0,0,0,0,0,0,0,0,0,0,0,0,24,18,21
2003,Notre Dame,0,0,0,0,10,9,8,6,5,10,16,11,10,10,12,9,16,17,22
2003,Connecticut,15,14,12,11,9,8,6,5,3,6,11,14,18,23,0,0,0,0,23
2003,Missouri,19,20,18,15,11,11,17,16,13,11,21,25,21,21,0,0,0,0,24
2003,Georgia,16,18,17,0,0,0,0,0,20,20,19,15,17,20,22,21,25,21,25
